名前,address_orig,住所,お店の場所,経緯度
トイザらス四日市,三重県四日市市泊小柳町４－５ イオンタウン四日市泊,三重県四日市市泊小柳町4-5,イオンタウン四日市泊,"136.6013649,34.9393289"
セガワールド久居,三重県津市久居明神町字風早２５３４－１,三重県津市久居明神町字風早2534-1,,"136.4616823,34.6848068"
ピアゴ上地,三重県伊勢市上地町字 川西３１１８番地１ ,三重県伊勢市上地町字 川西3118-1,,"136.6573706,34.5010207"
アピタ名張,三重県名張市下比奈知黒田３１００番地の１,三重県名張市下比奈知黒田3100-1,,"136.1252528,34.6292804"
モーリーファンタジー伊勢ララパーク,三重県伊勢市小木町曽弥５３８イオンタウン伊勢ララパーク２Ｆ,三重県伊勢市小木町曽弥538,イオンタウン伊勢ララパーク2F,"136.7225693,34.5065589"
モーリーファンタジー四日市尾平,三重県四日市市尾平町字天王川原１８０５ イオン３Ｆ,三重県四日市市尾平町字天王川原1805,イオン3F,"136.5911388,34.9772916"
モーリーファンタジー松阪,三重県松阪市船江町１３９２－２７ マーム３Ｆ,三重県松阪市船江町1392-27,マーム3F,"136.523581,34.5941277"
イオン四日市尾平,三重県四日市市尾平町字天王川原１８０５,三重県四日市市尾平町字天王川原1805,,"136.5914928,34.9774411"
イオン四日市北,三重県四日市市富州原町２－４０,三重県四日市市富州原町2-40,,"136.6574638,35.0076936"
アル・プラザ醍醐,,三重県多気郡明和町中村1223,,"135.81115799999998,34.950846"
セガワールド甲西,滋賀県湖南市夏見二ツ橋 ３５６－１,滋賀県湖南市夏見二ツ橋356-1,,"136.0971788,34.9948633"
スーパースポーツゼビオ,,滋賀県草津市新浜町300,,"135.9174759,34.9977269"
THE 3RD PLANET BiVi京都二条店,京都府京都市中京区西ノ京栂尾町１－６,京都府京都市中京区西ノ京栂尾町1-6,,"135.7412763,35.0103652"
大丸京都店,京都府京都市下京区四条通高倉西入立売西町 ７９番地,京都府京都市下京区四条通高倉西入立売西町79,,"135.7622005,35.0041982"
アピタ精華台,京都府相楽郡精華町精華台９丁目２番地４,京都府相楽郡精華町精華台9-2-4,,"135.7707551,34.7466757"
プラサカプコン京都,京都府京都市右京区西院追分町２５－１イオンモール京都ハナ３Ｆ,京都府京都市右京区西院追分町25-1,イオンモール京都ハナ3F,"135.7272023,34.9972951"
イトーヨーカドー六地蔵,京都府宇治市六地蔵奈良町６７－１,京都府宇治市六地蔵奈良町67-1,,"135.7980225,34.9343393"
モーリーファンタジー久御山,京都府久世郡久御山町森南大内１５６－１イオン２Ｆ,京都府久世郡久御山町森南大内156-1,イオン2F,"135.7466579,34.8933276"
モーリーファンタジー洛南,京都府京都市南区吉祥院御池町３１イオン２Ｆ,京都府京都市南区吉祥院御池町31,イオン2F,"135.7364307,34.9755328"
ビックカメラJR京都駅,京都府京都市下京区東塩小路町９２７トイズコーナー,京都府京都市下京区東塩小路町927,トイズコーナー,"135.7555938,34.9858917"
イオン洛南,京都府京都市南区吉祥院御池町３１,京都府京都市南区吉祥院御池町31,,"135.7368276,34.9755153"
京都ヨドバシ,京都府京都市下京区烏丸通り七条下ル 東塩小路町５９０－２,京都府京都市下京区烏丸通り七条下ル 東塩小路町590-2,,"135.7589792,34.9882052"
トイザらス青森,青森県青森市三好２－３－１１　ガーラタウン,青森県青森市三好2-3-11,ガーラタウン,"140.7018061,40.8333227"
スカロップ弘前店,青森県弘前市城東北３－１０－１　さくら野弘前店３Ｆ,青森県弘前市城東北3-10-1,さくら野弘前店3F,"140.4960915,40.6067997"
イトーヨーカドー弘前,青森県弘前市大字駅前３－２－１,青森県弘前市大字駅前3-2-1,,"140.4810199,40.5997658"
イトーヨーカドー五所川原,青森県五所川原市大字唐笠柳字藤巻５１７－１,青森県五所川原市大字唐笠柳字藤巻517-1,,"140.4537612,40.799293"
モーリーファンタジー下田,青森県上北郡おいらせ町中野平４０－１イオン２Ｆ,青森県上北郡おいらせ町中野平40-1,イオン2F,"141.4190943,40.6019702"
モーリーファンタジー十和田,青森県十和田市大字相坂字六日町山１６６番１/ＳｕＣ１Ｆ,青森県十和田市大字相坂字六日町山166-1,SuC1F,"141.25676230000002,40.6029939"
スカロップ川徳店,岩手県盛岡市菜園１－１０－１パルクアベニュー川徳６Ｆ,岩手県盛岡市菜園1-10-1,パルクアベニュー川徳6F,"141.1470233,39.7007993"
イトーヨーカドー花巻,岩手県花巻市下小舟渡１１８－１,岩手県花巻市下小舟渡118-1,,"141.1178266,39.3935195"
SOYU Game Field釜石店,岩手県釜石市港町二丁目１番１号イオンタウン釜石店３Ｆ,岩手県釜石市港町2-1-1,イオンタウン釜石店3F,"141.880625,39.2700525"
モーリーファンタジースーパーセンター一関,岩手県一関市狐禅寺字石ノ瀬１１番１ＳｕＣ１Ｆ,岩手県一関市狐禅寺字石ノ瀬11-1,SuC1F,"141.1537125,38.9396751"
モーリーファンタジー盛岡渋民,岩手県盛岡市玉山区渋民字鶴飼２０番地－１ＳｕＣ１Ｆ,岩手県盛岡市玉山区渋民字鶴飼20-1,SuC1F,"141.1728034,39.849967"
らん2 らんど盛岡南,岩手県盛岡市津志田西２丁目１７－５０盛岡南ショッピングセンターサンサ店１Ｆ,岩手県盛岡市津志田西2-17-50,盛岡南ショッピングセンターサンサ店1F,"141.1481932,39.6620018"
イオン江釣子,岩手県北上市北鬼柳１９－６８,岩手県北上市北鬼柳19-68,,"141.0935706,39.2932471"
イオン盛岡南,岩手県盛岡市本宮字稲荷１０－１,岩手県盛岡市本宮字稲荷10-1,,"141.1280583,39.6834146"
ヨークベニマル亘理,宮城県亘理郡亘理町 亘理町 字旧舘８,宮城県亘理郡亘理町 亘理町 字旧舘8,,"140.8526756,38.0331985"
西友ひたち野うしく,茨城県牛久市ひたち野東２２－１　,茨城県牛久市ひたち野東22-1,,"140.1600482,36.008986400000005"
JOYFUL－2ニューポートひたちなか,茨城県ひたちなか市新光町３４－１　,茨城県ひたちなか市新光町34-1,,"140.5856887,36.4070387"
JOYFUL－2守谷,茨城県守谷市松ヶ丘３－８　,茨城県守谷市松ヶ丘3-8,,"139.9877938,35.9374511"
セガワールド日立,茨城県日立市田尻町３－２６－１,茨城県日立市田尻町3-26-1,,"140.6698797,36.6264011"
AGスクエア石岡,茨城県石岡市東大橋中峯 １９７６－１,茨城県石岡市東大橋中峯1976-1,,"140.3034538,36.1986798"
ジャンボリー牛堀SC店,茨城県潮来市永山沼田７７７ / 牛堀ショッピングセンター店内　プレビプレイランドコーナー　ジャンボリー,茨城県潮来市永山沼田777,牛堀ショッピングセンター店内 プレビプレイランドコーナー ジャンボリー,"140.5141438,35.9644661"
こころっこJ'S新利根SC店,茨城県稲敷市角崎１６７８番地　　新利根ショッピングセンター内　プレビプレイランドコーナー　こころっこＪ’ｓ,茨城県稲敷市角崎1678,新利根ショッピングセンター内 プレビプレイランドコーナー こころっこJ's,"140.286658,35.9059886"
ユーズランド水戸内原店,茨城県水戸市中原町字西 １３５番地 イオンモール水戸内原２Ｆ,茨城県水戸市中原町字西135,イオンモール水戸内原2F,"140.3585183,36.3741357"
アピタ石下,茨城県常総市本石下４４２－１　,茨城県常総市本石下442-1,,"139.975574,36.1202451"
アピタ守谷,茨城県守谷市久保ヶ丘２－１－１　,茨城県守谷市久保ヶ丘2-1-1,,"139.975037,35.9678457"
アピナ下館店,茨城県筑西市玉戸１０１２－３,茨城県筑西市玉戸1012-3,,"139.9457107,36.2954342"
モーリーファンタジーつくば,茨城県つくば市稲岡６６－１イオン３Ｆ,茨城県つくば市稲岡66-1,イオン3F,"140.1327338,36.0347726"
モーリーファンタジー下妻,茨城県下妻市堀籠９７２－１ / イオン２Ｆ,茨城県下妻市堀籠972-1,イオン2F,"139.9904091,36.1895099"
モーリーファンタジー水戸内原,茨城県水戸市中原町字西１３５番地イオン３Ｆ,茨城県水戸市中原町字西135,イオン3F,"140.3596555,36.3749131"
モーリーファンタジー土浦,茨城県土浦市上高津３６７番イオン３Ｆ,茨城県土浦市上高津367,イオン3F,"140.1823839,36.079456"
モーリーファンタジー東海,茨城県那珂郡東海村舟石川駅東四丁目１番１号イオン２Ｆ,茨城県那珂郡東海村舟石川駅東4-1-1,イオン2F,"140.5670329,36.4631489"
イオン水戸内原,茨城県水戸市中原町１３５,茨城県水戸市中原町135,,"140.3589217,36.3746492"
イオン東海,茨城県那珂郡東海村舟石川駅東４－１－１,茨城県那珂郡東海村舟石川駅東4-1-1,,"140.5666299,36.4634353"
イオン古河,茨城県古河市旭町１－２－１７,茨城県古河市旭町1-2-17,,"139.7197293,36.1972818"
トイセルタウン おもちゃのまち本店,栃木県下都賀郡壬生町おもちゃのまち１－２－２０,栃木県下都賀郡壬生町おもちゃのまち1-2-20,,"139.8364044,36.4635368"
ヨークベニマル西那須野,栃木県那須塩原市西大和１－８,栃木県那須塩原市西大和1-8,,"139.9716723,36.8858026"
セガ今市,栃木県日光市芹沼１４４８－１,栃木県日光市芹沼1448-1,,"139.7101155,36.7411422"
てくもぴあ ゆうらく工房店,栃木県宇都宮市インターパーク４－１－３ インターパークショッピングビレッジ,栃木県宇都宮市インタ-パ-ク4-1-3,インターパークショッピングビレッジ,"139.9069145,36.4947275"
福田屋百貨店  インターパーク店,栃木県宇都宮市インターパーク６－１－１２Ｆ,栃木県宇都宮市インタ-パ-ク6-1-12F,,"139.90670760000003,36.4908329"
あぐり～ず小山店,栃木県小山市中央町３－７－１,栃木県小山市中央町3-7-1,,"139.8052013,36.3125497"
モーリーファンタジーさくら,栃木県さくら市桜野１５５１ ザビッグ１Ｆ,栃木県さくら市桜野1551,ザビッグ1F,"139.9797524,36.6893907"
モーリーファンタジー今市,栃木県日光市豊田字若林７９－１ イオン２Ｆ,栃木県日光市豊田字若林79-1,イオン2F,"139.7035493,36.7305419"
モーリーファンタジー真岡,栃木県真岡市台町２６６８ザビッグ１Ｆ,栃木県真岡市台町2668,ザビッグ1F,"140.0015966,36.4322923"
らんらんらんど足利,栃木県足利市朝倉町２－２１－１６ ヨークタウン足利店１Ｆ,栃木県足利市朝倉町2-21-16,ヨークタウン足利店1F,"139.4452351,36.3164522"
イオン栃木,栃木県栃木市箱森町３７－９,栃木県栃木市箱森町37-9,,"139.7240738,36.3951433"
テクモピアロックダム,栃木県宇都宮市インターパーク６－１－１FKDショピングモールインターパーク店２階,栃木県宇都宮市インタ-パ-ク6-1,1FKDショピングモールインターパーク店2階,"139.9065225,36.49053320000001"
セガワールド沼田,群馬県沼田市下久屋町１１００－１,群馬県沼田市下久屋町1100-1,,"139.0780691,36.6567799"
ユーズランド高崎店,群馬県高崎市棟高町１４００番地イオンモール高崎２Ｆ,群馬県高崎市棟高町1400,イオンモール高崎2F,"139.0068453,36.3901742"
アピタ高崎,群馬県高崎市矢中町字渕ノ内６６８－１,群馬県高崎市矢中町字渕ノ内668-1,,"139.0544336,36.3098155"
アピナ前橋店,群馬県前橋市野中町３９０,群馬県前橋市野中町390,,"139.1146202,36.3770132"
モーリーファンタジー高崎,群馬県高崎市棟高町１４００番地イオン３Ｆ,群馬県高崎市棟高町1400,イオン3F,"139.0069472,36.3897337"
らんらんらんど倉賀野,群馬県高崎市倉賀野町４６９１－１ ミスターマックス倉賀野店１Ｆ,群馬県高崎市倉賀野町4691-1,ミスターマックス倉賀野店1F,"139.0562053,36.3008293"
ペリカン大川,福岡県大川市大字 上巻字野口 ４３０－１/ゆめタウン大川内２Ｆ,福岡県大川市大字 上巻字野口430-1,ゆめタウン大川内2F,"130.3879809,33.202788"
トイザらス大牟田,福岡県大牟田市旭町２-２８－１,福岡県大牟田市旭町2-28-1,,"130.4537568,33.0368515"
イオンスーパーセンター志摩,福岡県糸島市志摩津和崎２９−１,福岡県糸島市志摩津和崎29-1,,"130.1865891,33.5804652"
イオン福岡東,福岡県糟屋郡志免町大字 御手洗字 高原 ６,福岡県糟屋郡志免町大字 御手洗字 高原6,,"130.4532213,33.6082372"
イオン穂波,福岡県飯塚市枝国長浦６６６－４８,福岡県飯塚市枝国長浦666-48,,"130.6737076,33.6370967"
イオン福津,福岡県福津市７９３（福間駅東地区１００街区１画地）,福岡県福津市793,(福間駅東地区100街区1画地),"130.4947339,33.7544023"
スーパーセンター大木,福岡県三潴郡大木町大字蛭池１２００,福岡県三潴郡大木町大字蛭池1200,,"130.4481416,33.2206203"
イオン小郡,福岡県小郡市大保字 弓場 １１０,福岡県小郡市大保字 弓場110,,"130.5641373,33.4090503"
イオン福岡,福岡県糟屋郡粕屋町大字酒殿字老ノ木１９２−１,福岡県糟屋郡粕屋町大字酒殿字老ノ木192-1,,"130.4805336,33.5969635"
タイトーステーション リバーウォーク店,福岡県北九州市小倉北区室町 １ー１－１,福岡県北九州市小倉北区室町1-1-1,,"130.8752968,33.8858703"
タイトーステーション 博多パピヨンプラザ店,福岡県福岡市博多区千代１－２－１７,福岡県福岡市博多区千代1-2-17,,"130.4198708,33.6026788"
タイトーFステーション 大牟田店,福岡県大牟田市旭町２－２８－１,福岡県大牟田市旭町2-28-1,,"130.4537085,33.0369504"
モーリーファンタジー岡垣,福岡県遠賀郡岡垣町大字黒山３３８－１/ＳｕＣ１Ｆ,福岡県遠賀郡岡垣町大字黒山338-1,SuC1F,"130.6312099,33.8625712"
モーリーファンタジー大木,福岡県三潴郡大木町蛭池１２００番地ＳｕＣ１Ｆ,福岡県三潴郡大木町蛭池1200,SuC1F,"130.4484084,33.2202529"
モーリーファンタジー福岡,福岡県糟屋郡粕屋町大字酒殿字老ノ木１９２－１/イオン２Ｆ,福岡県糟屋郡粕屋町大字酒殿字老ノ木192-1,イオン2F,"130.4808233,33.5967133"
モーリーファンタジー福岡伊都,福岡県福岡市西区徳永１１３－１イオンモール３Ｆ,福岡県福岡市西区徳永113-1,イオンモール3F,"130.2578002,33.5774146"
らんらんらんど筑後,福岡県筑後市大字上北島字井原口１２５９－１/トライアル筑後店１Ｆ,福岡県筑後市大字上北島字井原口1259-1,トライアル筑後店1F,"130.49372430000003,33.2037754"
ビックカメラ天神,福岡県福岡市中央区天神２丁目４－５トイズコーナー,福岡県福岡市中央区天神2-4-5,トイズコーナー,"130.3985614,33.5875619"
コジマ×ビックカメラ小倉店,福岡県北九州市小倉南区上葛原２－１８－１トイズコーナー,福岡県北九州市小倉南区上葛原2-18-1,トイズコーナー,"130.9094258,33.8376721"
ミスターマックス新宮,福岡県糟屋郡新宮町大字上府８９８,福岡県糟屋郡新宮町大字上府898,,"130.4548091,33.712456800000005"
ミスターマックス筑紫野,福岡県筑紫野市原田８３６－２０,福岡県筑紫野市原田836-20,,"130.5381173,33.4424846"
ミスターマックス春日,福岡県春日市星見ヶ丘４－７,福岡県春日市星見ヶ丘4-7,,"130.4562124,33.505767"
ミスターマックス大牟田,福岡県大牟田市馬渡町１－１,福岡県大牟田市馬渡町1-1,,"130.4663564,33.0144528"
イオン唐津,佐賀県唐津市鏡字立神４６７１,佐賀県唐津市鏡字立神4671,,"130.0125525,33.4369206"
イオンスーパーセンター佐賀,佐賀県佐賀市東与賀町大字下古賀字一本杉８７－１,佐賀県佐賀市東与賀町大字下古賀字一本杉87-1,,"130.3082464,33.2225589"
イオン江北,佐賀県杵島郡江北町大字山口三本松二１２２３,佐賀県杵島郡江北町大字山口三本松二1223,,"130.1626239,33.2164905"
アミパラ佐賀店,佐賀県佐賀市巨勢町大字牛島７３０モラージュ佐賀南館１Ｆ,佐賀県佐賀市巨勢町大字牛島730,モラージュ佐賀南館1F,"130.3188505,33.2523767"
モーリーファンタジー佐賀,佐賀県佐賀市東与賀町大字下古賀字一本杉８７番地１ / ＳｕＣ１Ｆ,佐賀県佐賀市東与賀町大字下古賀字一本杉87-1,SuC1F,"130.3082571,33.2224691"
モーリーファンタジー唐津,佐賀県唐津市鏡字立神４６７１イオン２Ｆ,佐賀県唐津市鏡字立神4671,イオン2F,"130.012413,33.4369161"
らんらんらんど長崎千歳,長崎県長崎市千歳町５番１号ダイエー千歳店３Ｆ,長崎県長崎市千歳町5-1,ダイエー千歳店3F,"129.861882,32.789866800000006"
トイザらス平塚,神奈川県平塚市代官町３３－１ＯＳＣ湘南シティ１Ｆ,神奈川県平塚市代官町33-1,OSC湘南シティ1F,"139.3590254,35.3288634"
西友二俣川,神奈川県横浜市旭区二俣川２－５２－１,神奈川県横浜市旭区二俣川2-52-1,,"139.5335645,35.4615029"
ダイエー向ヶ丘,神奈川県川崎市多摩区登戸２７８９,神奈川県川崎市多摩区登戸2789,,"139.5666818,35.6149047"
ダイエー港南台,神奈川県横浜市港南区港南台３－１－２,神奈川県横浜市港南区港南台3-1-2,,"139.5773055,35.3758387"
ダイエー横須賀,神奈川県横須賀市本町２－１－１２,神奈川県横須賀市本町2-1-12,,"139.662419,35.282832"
ダイエー金沢八景,神奈川県横浜市金沢区泥亀１－２７－１,神奈川県横浜市金沢区泥亀1-27-1,,"139.6224542,35.333861"
ライフ鶴見,神奈川県横浜市鶴見区北寺尾２－１９,神奈川県横浜市鶴見区北寺尾2-19,,"139.6649809,35.5153327"
セガ小田原ダイナシティ,神奈川県小田原市中里２９６－１ ダイナシティイーストモールイトーヨーカ堂３Ｆ,神奈川県小田原市中里296-1,ダイナシティイーストモールイトーヨーカ堂3F,"139.1885283,35.2816394"
CLUBSEGA新杉田,神奈川県横浜市磯子区杉田１－１－１らびすた新杉田２Ｆ,神奈川県横浜市磯子区杉田1-1-1,らびすた新杉田2F,"139.61889090000003,35.3860737"
CLUBSEGA港北,神奈川県横浜市都筑区中川中央２－７－１港北ＭＩＮＡＭＯ３Ｆ,神奈川県横浜市都筑区中川中央2-7-1,港北MINAMO3F,"139.5755403,35.5505126"
ヨドバシカメラ横浜,神奈川県横浜市西区北幸１－２－７６Ｆ,神奈川県横浜市西区北幸1-2-76F,,"139.6199795,35.4678034"
ヨドバシカメラ川崎ルフロン,神奈川県川崎市川崎区日進町１－１１４Ｆ,神奈川県川崎市川崎区日進町1-114F,,"139.6966268,35.5295268"
ヨドバシカメラ上大岡,神奈川県横浜市南区上大岡西１－６－１京急百貨店８階,神奈川県横浜市南区上大岡西1-6-1,京急百貨店8階,"139.5965309,35.4094315"
ハローズガーデン海老名店,神奈川県海老名市中央２－４－１イオン海老名店２階,神奈川県海老名市中央2-4-1,イオン海老名店2階,"139.3930927,35.450634"
モラモラ東神奈川店,神奈川県横浜市神奈川区富家町１イオン東神奈川店４階,神奈川県横浜市神奈川区富家町1,イオン東神奈川店4階,"139.6333417,35.4801588"
ハローズガーデン本牧店,神奈川県横浜市中区小港町２－１００－４イトーヨーカドー本牧店２階,神奈川県横浜市中区小港町2-100-4,イトーヨーカドー本牧店2階,"139.6649271,35.430499"
ハローズガーデン天王町店,神奈川県横浜市保土ケ谷区川辺町３ イオン天王町店２階,神奈川県横浜市保土ケ谷区川辺町3,イオン天王町店2階,"139.5999759,35.4581106"
エブリデイFUNハウス こころっこ橋本,神奈川県相模原市緑区大山町１－２２アリオ橋本店内２階,神奈川県相模原市緑区大山町1-22,アリオ橋本店内2階,"139.3500582,35.591021"
こころっこ川崎店,神奈川県川崎市川崎区中瀬３－２０ホームズ川崎店内２Ｆプレビプレイランドコーナーこころっこ,神奈川県川崎市川崎区中瀬3-20,ホームズ川崎店内2Fプレビプレイランドコーナーこころっこ,"139.7330136,35.5377161"
こころっこ長津田店,神奈川県横浜市緑区長津田みなみ台４－６－１スーパービバホーム長津田内２階プレビプレイランドコーナー,神奈川県横浜市緑区長津田みなみ台4-6-1,スーパービバホーム長津田内2階プレビプレイランドコーナー,"139.5012323,35.5202295"
そごう横浜,神奈川県横浜市西区高島２－１８－１そごう横浜店８Ｆ,神奈川県横浜市西区高島2-18-1,そごう横浜店8F,"139.6252618,35.4656357"
ピアゴ大雄山,神奈川県南足柄市関本５６９番地,神奈川県南足柄市関本569,,"139.102474,35.3194236"
ピアゴ座間,神奈川県座間市入谷一丁目４１６番地の２,神奈川県座間市入谷1-416-2,,"139.39453840000002,35.4830225"
アピタ戸塚,神奈川県横浜市戸塚区上倉田町７６９－１,神奈川県横浜市戸塚区上倉田町769-1,,"139.5373982,35.3991877"
プラサカプコン横須賀,神奈川県横須賀市若松町２－３０モアーズシティ４Ｆ,神奈川県横須賀市若松町2-30,モアーズシティ4F,"139.6700954,35.2783375"
プラサカプコン磯子,神奈川県横浜市磯子区磯子１－１－１マリコム磯子ＳＣ２Ｆ,神奈川県横浜市磯子区磯子1-1-1,マリコム磯子SC2F,"139.6262043,35.4134262"
タイトーステーション 小田原シティーモールクレッセ店,神奈川県小田原市前川１２０小田原シティモールクレッセ内２Ｆ,神奈川県小田原市前川120,小田原シティモールクレッセ内2F,"139.1938346,35.2822335"
イトーヨーカドー上永谷,神奈川県横浜市港南区丸山台１－１２,神奈川県横浜市港南区丸山台1-12,,"139.5722271,35.4006591"
イトーヨーカドー小田原,神奈川県小田原市中里２９６－１,神奈川県小田原市中里296-1,,"139.1887965,35.2817576"
モーリーファンタジーつきみ野3F,神奈川県大和市つきみ野町１－６－１イオン３Ｆ,神奈川県大和市つきみ野町1-6-1,イオン3F,"139.4576057,35.5030009"
モーリーファンタジー茅ヶ崎中央,神奈川県茅ヶ崎市茅ケ崎３丁目５番１６号イオン３Ｆ,神奈川県茅ヶ崎市茅ケ崎3-5-16,イオン3F,"139.4026203,35.3359947"
モーリーファンタジー久里浜,神奈川県横須賀市久里浜５丁目１３－１イオン２Ｆ,神奈川県横須賀市久里浜5-13-1,イオン2F,"139.7042656,35.2290472"
モーリーファンタジー厚木,神奈川県厚木市中町１－５－１０イオン４Ｆ,神奈川県厚木市中町1-5-10,イオン4F,"139.3666172,35.442089200000005"
ハローズガーデン湘南店,神奈川県藤沢市遠藤字滝ノ沢６９８－１０ 湘南とうきゅう２Ｆ,神奈川県藤沢市遠藤字滝ノ沢698-10,湘南とうきゅう2F,"139.4419688,35.3715036"
THE 3RD PLANET 港北ニュータウン店,神奈川県横浜市筑区中川中央１丁目２５番１号ノースポートモール６Ｆ,神奈川県横浜市筑区中川中央1-25-1,ノースポートモール6F,"139.5794032,35.5520884"
(株)ヤマダ電機 テックランド川崎店,,神奈川県横浜市筑区中川中央1-25-1,ノースポートモール6F,"139.71795399999996,35.533558"
モーリーファンタジー大和,神奈川県大和市下和田字上ノ原１２１６－１イオン３Ｆ,神奈川県大和市下和田字上ノ原1216-1,イオン3F,"139.4663732,35.4348754"
パロ横須賀,神奈川県横須賀市本町２－１－１２ ショッパーズプラザ横須賀店４Ｆ,神奈川県横須賀市本町2-1-12,ショッパーズプラザ横須賀店4F,"139.6622058,35.2828267"
らんらんらんどすすき野,神奈川県横浜市青葉区すすき野２－５－４すすき野とうきゅう店２Ｆ,神奈川県横浜市青葉区すすき野2-5-4,すすき野とうきゅう店2F,"139.5265494,35.5768291"
ビックカメラ新横浜店9Fトイズコーナー,神奈川県横浜市港北区新横浜２丁目１００－４５ 新横浜中央ビル９階,神奈川県横浜市港北区新横浜2-100-45,新横浜中央ビル9階,"139.6172055,35.5076319"
ビックカメラ藤沢店,神奈川県藤沢市藤沢５５９ 増田ビル遊行通り共同ビル６Ｆ,神奈川県藤沢市藤沢559,増田ビル遊行通り共同ビル6F,"139.4881938,35.3395456"
ビックカメララゾーナ川崎店,神奈川県川崎市幸区堀川町７２－１３Ｆトイズコーナー,神奈川県川崎市幸区堀川町72-13F,トイズコーナー,"139.6958661,35.5330816"
イオン金沢シーサイド,神奈川県横浜市金沢区並木２－１３－１,神奈川県横浜市金沢区並木2-13-1,,"139.640657,35.361983"
イオン新百合丘,神奈川県川崎市麻生区上麻生１－１９,神奈川県川崎市麻生区上麻生1-19,,"139.5070185,35.602538"
イオン海老名,神奈川県海老名市中央２－４－１,神奈川県海老名市中央2-4-1,,"139.3931861,35.4507276"
アル・プラザ高槻,大阪府高槻市芥川町１－２Ｃ－２０１,大阪府高槻市芥川町1-2,Cー201,"135.61629910000002,34.8520456"
トイザらス茨木,大阪府茨木市藤の里１－７－４１茨木ショッピングプラザ１Ｆ,大阪府茨木市藤の里1-7-41,茨木ショッピングプラザ1F,"135.5453096,34.837598"
トイザらス泉北ニュータウン,大阪府堺市中区三原台１－１－３ＪＯＹＰＡＲＫ泉ヶ丘３Ｆ,大阪府堺市中区三原台1-1-3,JOYPARK泉ヶ丘3F,"135.5142368,34.4988864"
ライフ西宮原,大阪府大阪市淀川区西宮原２－２－２２,大阪府大阪市淀川区西宮原2-2-22,,"135.4923517,34.73525200000001"
ライフ南津守,大阪府大阪市西成区南津守６－１－７５,大阪府大阪市西成区南津守6-1-75,,"135.483,34.6282706"
ヤマダ電機LABI千里,大阪府豊中市新千里東町１丁目２－２０ＡＶソフトコーナー,大阪府豊中市新千里東町1-2-20,AVソフトコーナー,"135.4948608,34.8120954"
ダイエー池田駅前,大阪府池田市満寿美町２－２,大阪府池田市満寿美町2-2,,"135.426216,34.8205125"
セガ新三国アルゴ7,大阪府豊中市神州町１－１５,大阪府豊中市神州町1-15,,"135.4796816,34.738431"
AGスクエア岸和田,大阪府岸和田市港緑町２－１２,大阪府岸和田市港緑町2-12,,"135.3715001,34.4667394"
レインボーランド西岸和田店,大阪府岸和田市港緑町２－１イズミヤ西岸和田店３階,大阪府岸和田市港緑町2-1,イズミヤ西岸和田店3階,"135.3713416,34.4667101"
タイトーFステーション 住道店,大阪府大東市赤井１丁目４番３号,大阪府大東市赤井1-4-3,,"135.619411,34.7085893"
ジョーシン新石切,大阪府東大阪市弥生町１６－１２ ホームセンターコーナン２Ｆ,大阪府東大阪市弥生町16-12,ホームセンターコーナン2F,"135.6372354,34.6792573"
ROCKET DRIVE泉南店,大阪府泉南市りんくう南浜３番１２イオンモールりんくう泉南２Ｆ,大阪府泉南市りんくう南浜3-12,イオンモールりんくう泉南2F,"135.2679621,34.3810544"
モーリーファンタジーりんくう泉南,大阪府泉南市りんくう南浜３－１イオン２Ｆ,大阪府泉南市りんくう南浜3-1,イオン2F,"135.267887,34.3813643"
モーリーファンタジー北千里,大阪府吹田市古江台４－２－５０イオン５Ｆ,大阪府吹田市古江台4-2-50,イオン5F,"135.5093283,34.8200285"
モーリーファンタジー枚方,大阪府枚方市岡本町７番１－２０３イオン４Ｆ,大阪府枚方市岡本町7-1-203,イオン4F,"135.6465054,34.8156148"
モーリーファンタジー和泉府中,大阪府和泉市肥子町２－２－１イオン４Ｆ,大阪府和泉市肥子町2-2-1,イオン4F,"135.4209081,34.4856061"
らんらんらんど京橋14,大阪府大阪市都島区片町２－３－５１ ダイエー京橋店４Ｆ,大阪府大阪市都島区片町2-3-51,ダイエー京橋店4F,"135.5328747,34.6962645"
ビックカメラなんば,大阪府大阪市中央区千日前２丁目１０－１トイズコーナー,大阪府大阪市中央区千日前2-10-1,トイズコーナー,"135.5026172,34.6666926"
イオン布施駅前,大阪府東大阪市長堂１－８－３７,大阪府東大阪市長堂1-8-37,,"135.56360630000003,34.6656588"
イオン高槻,大阪府高槻市萩之庄３－４７－２,大阪府高槻市萩之庄3-47-2,,"135.6439582,34.859137"
イオン大阪DC,大阪府大阪市西区千代崎３－１３－１,大阪府大阪市西区千代崎3-13-1,,"135.4779902,34.6704121"
イオン堺北花田,大阪府堺市北区東浅香山町４丁１－１２,大阪府堺市北区東浅香山町4,丁1ー12,"135.5152639,34.5847839"
イオンりんくう泉南,大阪府泉南市りんくう南浜３－１２,大阪府泉南市りんくう南浜3-12,,"135.2682731,34.3812906"
イオン和泉府中,大阪府和泉市肥子町２－２－１,大阪府和泉市肥子町2-2-1,,"135.4210049,34.4856204"
トイザらス木曽川,愛知県一宮市木曽川町黒田字南八ツケ池２５－１イオンモール木曽川１Ｆ,愛知県一宮市木曽川町黒田字南八ツケ池25-1,イオンモール木曽川1F,"136.7747064,35.3484298"
トイザらス高蔵寺ニュータウン,愛知県春日井市中央台１－１－２ 高蔵寺センター内,愛知県春日井市中央台1-1-2,高蔵寺センター内,"137.0486146,35.2797847"
西友LIVINザ・モール春日井,愛知県春日井市六軒屋町字東丘２２,愛知県春日井市六軒屋町字東丘22,,"136.9827517,35.2590077"
ダイエー上飯田,愛知県名古屋市北区織部町１,愛知県名古屋市北区織部町1,,"136.9282766,35.2010595"
セガイオンタウン刈谷,愛知県刈谷市東境町京和１,愛知県刈谷市東境町京和1,,"137.0276973,35.0393086"
セガワールド上小田井mozoワンダーシティ,愛知県名古屋市西区二方町４０番地「ｍｏｚｏワンダーシティ」４Ｆ,愛知県名古屋市西区二方町40,「mozoワンダーシティ」4F,"136.8839394,35.2249542"
セガイオンタウン名西,愛知県名古屋市西区香呑町 6ー４９－１,愛知県名古屋市西区香呑町6-49-1,,"136.8926643,35.2042487"
セガワールドセガおもしろ遊戯御殿木曽川,愛知県一宮市木曽川町黒田八ヶ池２５－１ イオンモール木曽川３階,愛知県一宮市木曽川町黒田八ヶ池25-1,イオンモール木曽川3階,"136.7746805,35.3493353"
にこぱエルエルタウン岡崎店,愛知県岡崎市上和田町南天白５－１ エルエルタウン岡崎店,愛知県岡崎市上和田町南天白5-1,エルエルタウン岡崎店,"137.14629490000002,34.9334721"
ファンタジーウエストタウン西尾店,愛知県西尾市高畠町３－２３－９ ヴェルサウォーク西尾店３階,愛知県西尾市高畠町3-23-9,ヴェルサウォーク西尾店3階,"137.0600021,34.863814"
ユーズランド東浦店,愛知県知多郡東浦町緒川申新田二区６７－８イオンモール東浦２Ｆ,愛知県知多郡東浦町緒川申新田二区67-8,イオンモール東浦2F,"136.974139,34.9784766"
ピアゴ新城,愛知県新城市字的場２５番地の１１,愛知県新城市字的場25-11,,"137.495129,34.903651"
ピアゴ伝法寺,愛知県一宮市丹陽町伝法寺字中東畑１９４３番地,愛知県一宮市丹陽町伝法寺字中東畑1943,,"136.8422813,35.263716"
ピアゴ勝幡,愛知県愛西市勝幡町弁才天２２８３番地６０,愛知県愛西市勝幡町弁才天2283-60,,"136.7491053,35.1939899"
ピアゴ吉良,愛知県幡豆郡吉良町吉田字天笠桂 １６番地３,愛知県幡豆郡吉良町吉田字天笠桂16-3,,"137.0631842,34.80125490000001"
アピタ一宮,愛知県一宮市両郷町１丁目６番地,愛知県一宮市両郷町1-6,,"136.8166206,35.3105991"
アピタ西尾,愛知県西尾市高畠町３丁目２３－９,愛知県西尾市高畠町3-23-9,,"137.0598842,34.8637778"
アピタ名北,愛知県名古屋市北区辻町９丁目１番地,愛知県名古屋市北区辻町9-1,,"136.9226928,35.2097764"
ゲームランド岡崎,愛知県岡崎市 戸崎町 字外山３８－５ イオンモール岡崎シネマ館３Ｆ,愛知県岡崎市 戸崎町 字外山38-5,イオンモール岡崎シネマ館3F,"137.1642928,34.9384629"
プラサカプコン稲沢,愛知県稲沢市下津町地内尾張西部郡都市拠点地区１３街区 リーフフォーク稲沢２０１区画,愛知県稲沢市下津町地内尾張西部郡都市拠点地区13,街区 リーフフォーク稲沢201区画,"136.8190552,35.2607242"
トヨタ生協 本店,愛知県豊田市山之手８－９２,愛知県豊田市山之手8-92,,"137.1452768,35.0525002"
セイタイトー 弥富,愛知県弥富市五明 １３７１－４,愛知県弥富市五明1371-4,,"136.7168876,35.1148825"
レイク・リビン清洲店,愛知県清須市西市場５丁目５－３,愛知県清須市西市場5-5-3,,"136.8290346,35.21894530000001"
モーリーファンタジーワンダーシティ,愛知県名古屋市西区二方町４０イオン３Ｆ,愛知県名古屋市西区二方町40,イオン3F,"136.8835556,35.2248111"
モーリーファンタジー三好,愛知県みよし市三好町青木９１番地 イオン２Ｆ,愛知県みよし市三好町青木91,イオン2F,"137.0795432,35.0922368"
モーリーファンタジー木曽川,愛知県一宮市木曽川町黒田字南八ツヶ池２５－１イオン２Ｆ,愛知県一宮市木曽川町黒田字南八ツヶ池25-1,イオン2F,"136.7735262,35.3484123"
イオン木曽川,愛知県一宮市木曽川町黒田字南八ツケ池２５－１,愛知県一宮市木曽川町黒田字南八ツケ池25-1,,"136.7732275,35.349179"
ザ・ビッグエクストラ刈谷,愛知県刈谷市東境町京和１,愛知県刈谷市東境町京和1,,"137.0276866,35.0391636"
ソユープレイランドソピア御所野店,秋田県秋田市御所野地蔵田一丁目１番地１号　イオンモール秋田２Ｆ,秋田県秋田市御所野地蔵田1-1-1,イオンモール秋田2F,"140.1610774,39.6633486"
モーリーファンタジー横手,秋田県横手市安田字向田１４７イオン２Ｆ,秋田県横手市安田字向田147,イオン2F,"140.5537196,39.298407"
モーリーファンタジー横手南,秋田県横手市大字婦気大堤字中田４－１ / ＳｕＣ２Ｆ,秋田県横手市大字婦気大堤字中田4-1,SuC2F,"140.5531593,39.2960086"
モーリーファンタジー大館,秋田県大館市大田面２３８ＳｕＣ１Ｆ,秋田県大館市大田面238,SuC1F,"140.5767599,40.2861884"
イオン土崎港,秋田県秋田市土崎港南２－３－４１,秋田県秋田市土崎港南2-3-41,,"140.0728694,39.7471368"
イオン横手,秋田県横手市安田字向田１４７,秋田県横手市安田字向田147,,"140.55366380000004,39.298946"
イオン秋田中央,秋田県秋田市楢山川口境５－１１,秋田県秋田市楢山川口境5-11,,"140.1093714,39.7042318"
リスチャイルドたかのす店,秋田県北秋田市栄字中綱３１－１ イオンタウンたかのすＳＣ内,秋田県北秋田市栄字中綱31-1,イオンタウンたかのすSC内,"140.3846074,40.2301602"
わくわくランド新庄店,山形県新庄市金沢字大道上２０３３－４,山形県新庄市金沢字大道上2033-4,,"140.3093456,38.753313"
わくわくランドくしびき店,山形県鶴岡市丸岡字鳥飼１２１－１ヤマザワくしびき店内,山形県鶴岡市丸岡字鳥飼121-1,ヤマザワくしびき店内,"139.8373506,38.6793869"
わくわくランド中山店,山形県東村山郡中山町大字長崎新町３０３０－１ ヤマザワ中山店内,山形県東村山郡中山町大字長崎新町3030-1,ヤマザワ中山店内,"140.2792045,38.3277099"
SOYU Game Field天童店,山形県天童市芳賀土地区画整理事業地内３４街区 イオンモール天童２階,山形県天童市芳賀土地区画整理事業地内34,街区 イオンモール天童2階,"140.363964,38.344141"
ソユーゲームフィールド三川店,山形県東田川郡三川町大字猪子字和田庫１２８－１ イオンモール三川１Ｆ,山形県東田川郡三川町大字猪子字和田庫128-1,イオンモール三川1F,"139.83512680000004,38.8158603"
モーリーファンタジー三川,山形県東田川郡三川町大字猪子字和田庫１２８－１イオン２Ｆ,山形県東田川郡三川町大字猪子字和田庫128-1,イオン2F,"139.8363921,38.8162579"
モーリーファンタジー天童,山形県天童市芳賀土地区画整理事業地内３４街区イオン３Ｆ,山形県天童市芳賀土地区画整理事業地内34,街区イオン3F,"140.3639641,38.3444524"
イオン三川,山形県東田川郡三川町大字猪子字和田庫１２８－１,山形県東田川郡三川町大字猪子字和田庫128-1,,"139.8366503,38.8151581"
トイザらス郡山,福島県郡山市松木町２－８８,福島県郡山市松木町2-88,,"140.3878241,37.390747100000006"
ヨドバシカメラ郡山駅前,福島県郡山市駅前１－１６－７,福島県郡山市駅前1-16-7,,"140.3875113,37.3970492"
イトーヨーカドー平,福島県いわき市平 ６－６－２,福島県いわき市平6-6-2,,"140.8983261,37.0576114"
モーリーファンタジー鏡石,福島県岩瀬郡鏡石町桜岡３７５－９ＳｕＣ１Ｆ,福島県岩瀬郡鏡石町桜岡375-9,SuC1F,"140.3337655,37.2424652"
モーリーファンタジー郡山フェスタ,福島県郡山市日和田町字小原１イオン１Ｆ,福島県郡山市日和田町字小原1,イオン1F,"140.3764537,37.4449071"
モーリーファンタジー白河西郷,福島県西白河郡西郷村大字小田倉字岩下１１－１イオン２Ｆ,福島県西白河郡西郷村大字小田倉字岩下11-1,イオン2F,"140.1777724,37.1212189"
イオンいわき,福島県いわき市平字三倉６８－１,福島県いわき市平字三倉68-1,,"140.89862580000002,37.0507641"
イオン白河西郷,福島県西白河郡西郷村大字小田倉字岩倉１１－１,福島県西白河郡西郷村大字小田倉字岩倉11-1,,"140.1769072,37.1219882"
ペリカンはません,熊本県熊本市南区田井島１丁目２－１ ゆめタウンはません内２Ｆ,熊本県熊本市南区田井島1-2-1,ゆめタウンはません内2F,"130.7267145,32.7716326"
トイザらス熊本南,熊本県宇城市小川町河江１－１,熊本県宇城市小川町河江1-1,,"130.7069921,32.5973657"
イオン熊本クレア,熊本県上益城郡嘉島町大字上島字長池２２３２,熊本県上益城郡嘉島町大字上島字長池2232,,"130.743612,32.7380003"
イオン菊陽,熊本県菊池郡菊陽町津久礼２４７２,熊本県菊池郡菊陽町津久礼2472,,"130.8001872,32.8619412"
イオン錦,熊本県球磨郡錦町大字西字打越７１５－１,熊本県球磨郡錦町大字西字打越715-1,,"130.7958284,32.1935703"
イオン八代,熊本県八代市沖町六番割３９８７－３,熊本県八代市沖町六-割3987-3,,"130.5849459,32.5251179"
イオン天草,熊本県天草市亀場町食場後山下７４０,熊本県天草市亀場町食場後山下740,,"130.1793481,32.4345613"
タイトーステーション ゆめタウン光の森店,熊本県菊池郡菊陽町津久礼３３１０,熊本県菊池郡菊陽町津久礼3310,,"130.7845845,32.8602531"
ペリカンあらお,熊本県荒尾市緑ケ丘１丁目１－１－２Ｆあらおシティモール,熊本県荒尾市緑ケ丘1-1-1,2Fあらおシティモール,"130.4707661,32.9826824"
モーリーファンタジー熊本,熊本県上益城郡嘉島町上島字長池２２３２イオン２Ｆ,熊本県上益城郡嘉島町上島字長池2232,イオン2F,"130.7439315,32.7380684"
モーリーファンタジー天草,熊本県天草市亀場町食場後山下７４０イオン２Ｆ,熊本県天草市亀場町食場後山下740,イオン2F,"130.1790906,32.4345342"
モーリーファンタジー八代,熊本県八代市沖町六番割３９８７－３イオン２Ｆ,熊本県八代市沖町六-割3987-3,イオン2F,"130.5853107,32.525335"
ペリカン別府,大分県別府市楠町３８２－７ゆめタウン別府内３Ｆ,大分県別府市楠町382-7,ゆめタウン別府内3F,"131.5077475,33.2762882"
ペリカン中津,大分県中津市大字島田１３４－１ゆめタウン中津内３Ｆ,大分県中津市大字島田134-1,ゆめタウン中津内3F,"131.1947003,33.6026222"
トイザらス大分,大分県大分市大字宮崎５２５,大分県大分市大字宮崎525,,"131.6087392,33.2016426"
イオン狭間,大分県由布市挾間町北方７７番地,大分県由布市挾間町北方77,,"131.5221072,33.2064391"
イオン三光,大分県中津市三光佐知１０３２,大分県中津市三光佐知1032,,"131.1938423,33.5582177"
プラサカプコン大分店,大分県大分市公園通り西２丁目１番パークプレイス大分２Ｆ,大分県大分市公園通り西2-1,パークプレイス大分2F,"131.655975,33.1954334"
ダイエー宮崎,宮崎県宮崎市大淀４－７－３０,宮崎県宮崎市大淀4-7-30,,"131.4193614,31.895434099999996"
イオン延岡ニューシティ,宮崎県延岡市旭町２－２－１,宮崎県延岡市旭町2-2-1,,"131.6702108,32.5722613"
イオン宮崎,宮崎県宮崎市新別府町江口８６２－１,宮崎県宮崎市新別府町江口862-1,,"131.4554238,31.9231764"
イオン日向,宮崎県日向市大字日知屋字古田町６１－１,宮崎県日向市大字日知屋字古田町61-1,,"131.652409,32.4238405"
ゲオ延岡店,宮崎県延岡市出北３丁目１９番１７号,宮崎県延岡市出北3-19-17,,"131.6827986,32.5724608"
モーリーファンタジー宮崎,宮崎県宮崎市新別府町江口８６２－１イオン２Ｆ,宮崎県宮崎市新別府町江口862-1,イオン2F,"131.4546773,31.9233814"
トイザらス亀戸,東京都江東区亀戸６－３１－１,東京都江東区亀戸6-31-1,,"139.8290259,35.6958062"
トイザらス府中駅前,東京都府中市宮町１－５０くるるＢ１Ｆ,東京都府中市宮町1-50,くるるB1F,"139.4811146,35.671456"
ヤマダ電機LABI品川大井町,東京都品川区東大井 ５丁目２０－１ＡＶソフトコーナー,東京都品川区東大井5-20-1,AVソフトコーナー,"139.7357288,35.6061957"
ツリービレッジ,東京都墨田区押上１－１－２東京スカイツリータウン・ソラマチ４Ｆ,東京都墨田区押上1-1-2,東京スカイツリータウン・ソラマチ4F,"139.8118745,35.7103102"
西友荻窪,東京都杉並区上萩１－９－１タウンセブン,東京都杉並区上萩1-9-1,タウンセブン,"139.6195989,35.7051025"
西友LIVINオズ大泉,東京都練馬区東大泉２－１０－１１,東京都練馬区東大泉2-10-11,,"139.5954153,35.7522403"
西友河辺,東京都青梅市河辺町１０－９－１,東京都青梅市河辺町10-9-1,,"139.2847283,35.7859929"
西友光が丘,東京都練馬区光が丘５－１－１,東京都練馬区光が丘5-1-1,,"139.6284538,35.7597683"
西友清瀬,東京都清瀬市元町１－４－５,東京都清瀬市元町1-4-5,,"139.5205586,35.7733085"
西友ひばりが丘,東京都西東京市住吉町３－９－８,東京都西東京市住吉町3-9-8,,"139.5452076,35.7507445"
キデイランドヴィーナスフォート,東京都江東区青海１丁目３番１５号ヴィーナスフォート２Ｆ,東京都江東区青海1-3-15,ヴィーナスフォート2F,"139.78066410000002,35.6253883"
キデイランド光が丘,東京都練馬区光が丘５－１－１光が丘ＩＭＡ２Ｆ,東京都練馬区光が丘5-1-1,光が丘IMA2F,"139.628165,35.7597334"
キデイランド二子玉川,東京都世田谷区玉川２－２１－１二子玉川ライズ・ショッピングセンター・タウンフロント６Ｆ,東京都世田谷区玉川2-21-1,二子玉川ライズ・ショッピングセンター・タウンフロント6F,"139.6275509,35.6126271"
ダイエー西台,東京都板橋区蓮根３－８－１２,東京都板橋区蓮根3-8-12,,"139.67458240000002,35.7863021"
ダイエー練馬,東京都練馬区光が丘５－１－１,東京都練馬区光が丘5-1-1,,"139.628368,35.7595811"
ライフ経堂,東京都世田谷区経堂５－３２－６,東京都世田谷区経堂5-32-6,,"139.63218590000002,35.6482062"
セガ秋葉原1号館,東京都千代田区外神田１－１０－９,東京都千代田区外神田1-10-9,,"139.7710299,35.6987754"
セガ東京ドームシティ,東京都文京区後楽１丁目３番６１号,東京都文京区後楽1-3-61,,"139.7533527,35.703617"
セガワールド東大和,東京都東大和市桜ヶ丘１－１３３０－１９ＢＩＧＢＯＸ東大和１Ｆ,東京都東大和市桜ヶ丘1-1330-19,BIGBOX東大和1F,"139.4341283,35.7331622"
セガワールドドリームファクトリー,東京都武蔵村山市榎１－１－３－２０５９,東京都武蔵村山市榎1-1-3-2059,,"139.3853884,35.7468502"
SEGA青梅新町,東京都青梅市新町５－３－７プライムビル１Ｆ,東京都青梅市新町5-3-7,プライムビル1F,"139.3051038,35.78707740000001"
セガワールド葛西,東京都江戸川区東葛西９－３－３イトーヨーカドー３Ｆ,東京都江戸川区東葛西9-3-3,イトーヨーカドー3F,"139.881876,35.6526049"
セガ竹の塚,東京都足立区竹の塚６－８,東京都足立区竹の塚6-8,,"139.7927328,35.7946983"
ヨドバシカメラAkiba,東京都千代田区神田花岡町１－１６Ｆ,東京都千代田区神田花岡町1-16F,,"139.7747975,35.6989284"
ヨドバシカメラ錦糸町,東京都墨田区江東橋３－１４－５錦糸町ステーションビル内,東京都墨田区江東橋3-14-5,錦糸町ステーションビル内,"139.8141309,35.6964459"
ヨドバシカメラ上野,東京都台東区上野４－１０－１０７Ｆゲームフロアー,東京都台東区上野4-10-107F,ゲームフロアー,"139.77444,35.7111414"
ヨドバシカメラ町田,東京都町田市原町田１－１－１１Ｂ１Ｆ,東京都町田市原町田1-1-11,B1F,"139.4443567,35.5422614"
ヨドバシカメラ吉祥寺,東京都武蔵野市吉祥寺本町１－１９－１５Ｆ,東京都武蔵野市吉祥寺本町1-19-15F,,"139.5815093,35.7047592"
NICOPA仙川店,東京都調布市若葉町２－２島忠ホームズ仙川店２Ｆ,東京都調布市若葉町2-2,島忠ホームズ仙川店2F,"139.5867666,35.6589358"
ハローズガーデン新糀谷店,東京都大田区萩中２－１２－５マルエツ新糀谷店２階,東京都大田区萩中2-12-5,マルエツ新糀谷店2階,"139.7328705,35.5509912"
ハローズガーデン北砂店,東京都江東区北砂２－１７－１アリオ北砂店アリオモール３階,東京都江東区北砂2-17-1,アリオ北砂店アリオモール3階,"139.8258446,35.6824298"
こころっこ大井町店,東京都品川区大井１丁目３番６号イトーヨーカドー大井町店内７階こころっこ,東京都品川区大井1-3-6,イトーヨーカドー大井町店内7階こころっこ,"139.734062,35.6072003"
こころっこ町田根岸,東京都町田市根岸２丁目１８番地１号アメリア町田根岸店内２Ｆ,東京都町田市根岸2-18-1,アメリア町田根岸店内2F,"139.4106725,35.576297"
こころっこ葛西店,東京都江戸川区東葛西９－３－６ホームズ葛西店内１Ｆプレビプレイランドコーナーこころっこ,東京都江戸川区東葛西9-3-6,ホームズ葛西店内1Fプレビプレイランドコーナーこころっこ,"139.8825216,35.6539457"
アドアーズ南砂町SUNAMO店,東京都江東区新砂３－４－３１南砂町ショッピングセンターＳＵＮＡＭＯ４階,東京都江東区新砂3-4-31,南砂町ショッピングセンターSUNAMO4階,"139.8353905,35.6651002"
THE 3RD PLANET 多摩センター店,東京都多摩市落合１－３９－２,東京都多摩市落合1-39-2,,"139.4257059,35.6245679"
キッズネスト国分寺店,東京都国分寺市南町３－２０－３国分寺エル６Ｆ,東京都国分寺市南町3-20-3,国分寺エル6F,"139.4802031,35.6998806"
新宿京王,東京都新宿区西新宿１－１－４京王百貨店新宿店７Ｆ,東京都新宿区西新宿1-1-4,京王百貨店新宿店7F,"139.6991536,35.6902612"
プラサカプコン吉祥寺,東京都武蔵野市吉祥寺本町１－１０－１いなりやビルＢ１Ｆ,東京都武蔵野市吉祥寺本町1-10-1,いなりやビルB1F,"139.5791085,35.7053394"
田無ファミリーランド ゲームセンター,東京都西東京市西原町４－２－９,東京都西東京市西原町4-2-9,,"139.5244287,35.7356986"
キャッツアイ西葛西店,東京都江戸川区西葛西４－２－２８/サニーモール西葛西店３Ｆ,東京都江戸川区西葛西4-2-28,サニーモール西葛西店3F,"139.8617964,35.6683376"
トイショップヤマシロヤ,東京都台東区上野６－１４－６,東京都台東区上野6-14-6,,"139.7753056,35.7113233"
東京レジャーランド秋葉原2号店,,東京都昭島市松原町3-2-12,,"139.7719468,35.7007944"
イトーヨーカドーアリオ北砂,東京都江東区北砂２－１７,東京都江東区北砂2-17,,"139.8257305,35.6827583"
イトーヨーカドー葛西,東京都江戸川区東葛西９－３－３,東京都江戸川区東葛西9-3-3,,"139.8819535,35.6524467"
イトーヨーカドーアリオ亀有,東京都葛飾区亀有３－４９－３,東京都葛飾区亀有3-49-3,,"139.8528479,35.7639572"
モーリーファンタジーむさし村山,東京都武蔵村山市榎１丁目１番３号イオン３Ｆ,東京都武蔵村山市榎1-1-3,イオン3F,"139.3851634,35.7465692"
ビックカメラ池袋西口店,東京都豊島区西池袋１－１６－３,東京都豊島区西池袋1-16-3,,"139.7090007,35.7309154"
ビックカメラ新宿西口店,東京都新宿区西新宿１－５－１/ ハルク５Ｆトイズコーナー,東京都新宿区西新宿1-5-1,ハルク5Fトイズコーナー,"139.6986726,35.6925399"
ビックカメラJR八王子店,東京都八王子市八王子市旭町１－１７トイズコーナー,東京都八王子市八王子市旭町1-17,トイズコーナー,"139.338842,35.654658100000006"
ビックカメラ赤坂見附店,東京都港区赤坂３－１－６,東京都港区赤坂3-1-6,,"139.7369957,35.6767461"
ビックカメラビックロ新宿東口店,東京都新宿区新宿３－２９－１,東京都新宿区新宿3-29-1,,"139.7029783,35.6913359"
イオン東久留米,東京都東久留米市南沢５－１７,東京都東久留米市南沢5-17,,"139.527446,35.7449459"
フジグラン石井,徳島県名西郡石井町坂川原５４４番地１,徳島県名西郡石井町坂川原544-1,,"134.4421893,34.0838789"
セガ徳島スエヒロボウル,徳島県徳島市南末広町４－９５－２,徳島県徳島市南末広町4-95-2,,"134.5727969,34.0605735"
パロ小松島,徳島県小松島市小松島町字領田２０番地小松島ショッピングプラザルピア１Ｆ,徳島県小松島市小松島町字領田20,小松島ショッピングプラザルピア1F,"134.5721772,34.0055029"
ペリカン高松,香川県高松市三条町字中所６０８－１ ゆめタウン高松内２Ｆ,香川県高松市三条町字中所608-1,ゆめタウン高松内2F,"134.0419733,34.3168441"
ペリカン丸亀,香川県丸亀市新田町１５０ゆめタウン丸亀内３Ｆ,香川県丸亀市新田町150,ゆめタウン丸亀内3F,"133.7854822,34.2735034"
トイザらス高松,香川県高松市屋島西町字百石１９１２－１ パワーシティ尾島２Ｆ,香川県高松市屋島西町字百石1912-1,パワーシティ尾島2F,"134.1017068,34.3389274"
トイザらス丸亀,香川県丸亀市蓬莱町５６－１ パブリックプラザ丸亀内,香川県丸亀市蓬莱町56-1,パブリックプラザ丸亀内,"133.7845655,34.2941103"
フジグラン丸亀,香川県丸亀市川西町南１２８０－１,香川県丸亀市川西町南1280-1,,"133.8351834,34.2429102"
フジグラン十川,香川県高松市十川東町５５番地１,香川県高松市十川東町55-1,,"134.1078484,34.2716451"
いよてつ高島屋,愛媛県松山市湊町５－１－１,愛媛県松山市湊町5-1-1,,"132.7630225,33.83502000000001"
プラサカプコン新居浜,愛媛県新居浜市前田町８－８イオンモール新居浜２Ｆ,愛媛県新居浜市前田町8-8,イオンモール新居浜2F,"133.2681493,33.954514"
モーリーファンタジー新居浜,愛媛県新居浜市前田町８番８号 イオン２Ｆ,愛媛県新居浜市前田町8-8,イオン2F,"133.26886,33.9537576"
アル・プラザ金沢,石川県金沢市諸江町３０－１,石川県金沢市諸江町30-1,,"136.6431326,36.5910868"
アル・プラザ鹿島,石川県鹿島郡中能登町 井田と部１－１,石川県鹿島郡中能登町 井田と部1-1,,"136.9078835,36.9698222"
モーリーファンタジーかほく,石川県かほく市内日角地内タ２５番イオン２Ｆ,石川県かほく市内日角地内タ25,イオン2F,"136.7013195,36.7090239"
イオン松任,石川県白山市平松町１０２－１,石川県白山市平松町102-1,,"136.5661163,36.5079509"
イオン御経塚,石川県石川郡野々市町 御経塚２－９１,石川県石川郡野々市町 御経塚2-91,,"136.5986164,36.5489067"
アル・プラザベル,福井県福井市花堂南２－１６－１,福井県福井市花堂南2-16-1,,"136.2120847,36.0330338"
アピタ福井大和田,福井県福井市大和田町２－１２３０,福井県福井市大和田町2-1230,,"136.2509335,36.096525"
モーリーファンタジー鯖江,福井県鯖江市下河端１６字下町１６－１アル・プラザ鯖江２Ｆ,福井県鯖江市下河端16,字下町16ー1アル・プラザ鯖江2F,"136.18957280000004,35.9692274"
らんらんらんど武生,福井県越前市横市町２８－１４－１エスカモール武生楽市店１Ｆ,福井県越前市横市町28-14-1,エスカモール武生楽市店1F,"136.1929874,35.9068595"
トイザらス長野,長野県長野市高田１１７４ヤングファラオ２Ｆ,長野県長野市高田1174,ヤングファラオ2F,"138.2119488,36.6380149"
トイザらス佐久,長野県佐久市岩村田１７３５－１,長野県佐久市岩村田1735-1,,"138.4653282,36.2683789"
セガ松本,長野県松本市渚１－７－１,長野県松本市渚1-7-1,,"137.955844,36.23325210000001"
アピタ岡谷,長野県岡谷市銀座一丁目１番５号,長野県岡谷市銀座1-1-5,,"138.051809,36.0659401"
アピタ伊那,長野県伊那市伊那下川原５１９８番地,長野県伊那市伊那下川原5198,,"137.949835,35.8319204"
タイトーステーション アイシティ21松本店,長野県東筑摩郡山形村 ７９７７,長野県東筑摩郡山形村7977,,"137.892772,36.1842262"
イトーヨーカドー長野,長野県長野市権堂町２２０１,長野県長野市権堂町2201,,"138.1915444,36.6533826"
イトーヨーカドーアリオ上田,長野県上田市天神３－５１,長野県上田市天神3-51,,"138.2443897,36.3994441"
SOYU Game Field長野店,長野県長野市三輪九丁目４３番２４号イオンタウン長野三輪２Ｆ,長野県長野市三輪9-43-24,イオンタウン長野三輪2F,"138.207486,36.6697327"
パロ諏訪,長野県諏訪市沖田町５－１８ ステーションパーク・諏訪１Ｆ・２Ｆ,長野県諏訪市沖田町5-18,ステーションパーク・諏訪1F・2F,"138.1283965,36.0054526"
イオン東松本,長野県松本市中央４－９－４３,長野県松本市中央4-9-43,,"137.9791673,36.2342238"
こどもや諏訪,長野県諏訪市沖田町５－１９諏訪ステーションパーク内,長野県諏訪市沖田町5-19,諏訪ステーションパーク内,"138.1286706,36.0049552"
トイザらス市川,千葉県市川市鬼高１－１－１ニッケコルトンプラザイースト館２Ｆ,千葉県市川市鬼高1-1-1,ニッケコルトンプラザイースト館2F,"139.9336611,35.7160502"
トイザらス市原,千葉県市原市八幡１０４９－１,千葉県市原市八幡1049-1,,"140.1137278,35.5370187"
トイザらス野田,千葉県野田市中根 新田字鹿島原 ５７－１パル・ノア２Ｆ,千葉県野田市中根 新田字鹿島原57-1,パル・ノア2F,"139.8763598,35.9497715"
モリシア津田沼3F,千葉県習志野市谷津１－１６－１モリシア津田沼３Ｆ,千葉県習志野市谷津1-16-1,モリシア津田沼3F,"140.0191986,35.6895425"
JOYFUL－2千葉ニュータウン店,千葉県印西市草深１９２１,千葉県印西市草深1921,,"140.1564764,35.8071979"
セガワールド旭,千葉県旭市 二 ３１５０－１,千葉県旭市 二3150-1,,"140.6395119,35.7234953"
セガ幕張,千葉県千葉市美浜区ひび野１－８メッセ・アミューズ・モール１階,千葉県千葉市美浜区ひび野1-8,メッセ・アミューズ・モール1階,"140.0426565,35.6499712"
セガ我孫子,千葉県我孫子市柴崎字天王台 ４７－１,千葉県我孫子市柴崎字天王台47-1,,"140.0300596,35.8782407"
ヨドバシカメラ千葉,千葉県千葉市中央区富士見２－３－１,千葉県千葉市中央区富士見2-3-1,,"140.1166091,35.61157180000001"
にこぱアクロスモール新鎌ヶ谷店,千葉県鎌ヶ谷市初富９２８番地アクロスモール新鎌ヶ谷２Ｆ,千葉県鎌ヶ谷市初富928,アクロスモール新鎌ヶ谷2F,"140.0015579,35.7810793"
こころっこ君津店,千葉県君津市中野５－１７－１ダイエー君津店内３Ｆプレビプレイランドコーナーこころっこ,千葉県君津市中野5-17-1,ダイエー君津店内3Fプレビプレイランドコーナーこころっこ,"139.8841597,35.3343853"
こころっこ新浦安店,千葉県浦安市明海４－１－１イトーヨーカドー新浦安店内３階プレビプレイランドコーナーこころっこ,千葉県浦安市明海4-1-1,イトーヨーカドー新浦安店内3階プレビプレイランドコーナーこころっこ,"139.9227555,35.642995"
こころっこJ'S横芝店,千葉県山武郡横芝光町横芝２１２２サビア横芝店内プレビプレイランドコーナーこころっこＪ’ｓ,千葉県山武郡横芝光町横芝2122,サビア横芝店内プレビプレイランドコーナーこころっこJ's,"140.4861314,35.659889"
マリンガーデンららぽーと船橋,千葉県船橋市浜町２丁目１番１号ららぽーとＴＯＫＹＯ－ＢＡＹ西館３階,千葉県船橋市浜町2-1-1,ららぽーとTOKYOーBAY西館3階,"139.9906325,35.68604680000001"
アピタ市原,千葉県市原市青柳北１－１,千葉県市原市青柳北1-1,,"140.066041,35.5144537"
アピタ君津,千葉県君津市久保１－１－１,千葉県君津市久保1-1-1,,"139.8986978,35.3322559"
野田ホビー ノア店,千葉県野田市中根３６ショッピングセンターノア３Ｆ,千葉県野田市中根36,ショッピングセンターノア3F,"139.8764027,35.9477998"
プラサカプコン千葉ニュータウン,千葉県印西市中央北３－３イオンモール千葉ニュータウンシネマスポーツ棟２Ｆ,千葉県印西市中央北3-3,イオンモール千葉ニュータウンシネマスポーツ棟2F,"140.1110929,35.8010812"
プラサカプコンちはら台,千葉県市原市ちはら台西３－４ショッピングモールｕｎｉｍｏちはら台２Ｆ,千葉県市原市ちはら台西3-4,ショッピングモールunimoちはら台2F,"140.1714182,35.5278667"
タイトーステーション 新柏PAZ店,千葉県柏市名戸ケ谷字中久保８８８番１号ＰＡＺ新柏２Ｆ,千葉県柏市名戸ケ谷字中久保888-1,PAZ新柏2F,"139.9803899,35.8429619"
キャッツアイ八千代店,千葉県八千代市吉橋１８５１番地ｉｓｍ緑が丘内,千葉県八千代市吉橋1851,ism緑が丘内,"140.0725603,35.7336033"
イトーヨーカドー津田沼,千葉県習志野市津田沼１－１０－３０,千葉県習志野市津田沼1-10-30,,"140.0239563,35.6897298"
イトーヨーカドー四街道,千葉県四街道市四街道都市核北土地区画整理事業地内５街区,千葉県四街道市四街道都市核北土地区画整理事業地内5,街区,"140.1651582,35.6678312"
ゲオ富里店,千葉県富里市七栄５７５番地,千葉県富里市七栄575,,"140.3152049,35.7412344"
イトーヨーカドーアリオ市原,千葉県市原市更級４-３-２,千葉県市原市更級4-3-2,,"140.1016161,35.508294"
モーリーファンタジー鎌取,千葉県千葉市緑区おゆみ野３丁目１６番地イオン４Ｆ,千葉県千葉市緑区おゆみ野3-16,イオン4F,"140.177833,35.5613621"
ファンキッズ市川,千葉県市川市鬼高１－１－１ダイエーいちかわコルトンプラザ４Ｆ,千葉県市川市鬼高1-1-1,ダイエーいちかわコルトンプラザ4F,"139.9346267,35.715998"
ビックカメラ柏店,千葉県柏市柏市１－１－２０スカイプラザ柏,千葉県柏市柏市1-1-20,スカイプラザ柏,"139.9721,35.862227"
イオン臼井,千葉県佐倉市王子台１－２３,千葉県佐倉市王子台1-23,,"140.1826518,35.7298929"
MEGAドン・キホーテ ラパーク成東店,,千葉県習志野市津田沼1-23-1,,"140.39828799999998,35.596172"
ダイエー千葉長沼店,千葉県千葉市稲毛区長沼町３３０－５０ダイエー千葉長沼店１Ｆ,千葉県千葉市稲毛区長沼町330-50,ダイエー千葉長沼店1F,"140.1172144,35.6572312"
トイザらス・ベビーザらス 松戸店,千葉県松戸市二ツ木１７８１－２ プチモール二ツ木２Ｆ,千葉県松戸市二ツ木1781-2,プチモール二ツ木2F,"139.9259224,35.8173609"
そごう千葉店,千葉県千葉市中央区新町１０００そごう千葉店本館６Ｆ,千葉県千葉市中央区新町1000,そごう千葉店本館6F,"140.1136498,35.6111773"
アドアーズ船橋,千葉県船橋市本町１－３１－２６セブン船橋,千葉県船橋市本町1-31-26,セブン船橋,"139.984533,35.7006284"
ミスターマックスおゆみの,千葉県千葉市おゆみ野中央２－３－１,千葉県千葉市おゆみ野中央2-3-1,,"140.1614475,35.555598800000006"
フジグラン高知,高知県高知市朝倉東町５２－１５,高知県高知市朝倉東町52-15,,"133.4979817,33.5428936"
プラサカプコン高知,高知県高知市秦南町１－４－８イオンモール高知２Ｆ,高知県高知市秦南町1-4-8,イオンモール高知2F,"133.5429046,33.5759818"
イオン高知,高知県高知市秦南町１－４－８,高知県高知市秦南町1-4-8,,"133.5427647,33.5755773"
モーリーファンタジー米子駅前3F,鳥取県米子市末広町３１１イオン３Ｆ,鳥取県米子市末広町311,イオン3F,"133.3329899,35.4228435"
100満ボルト松江本店,島根県松江市乃白町４９６－４,島根県松江市乃白町496-4,,"133.0498401,35.4365181"
トイザらス入間,埼玉県入間市豊岡２－１－１,埼玉県入間市豊岡2-1-1,,"139.3868988,35.8362507"
トイザらス草加,埼玉県草加市清門町字北４０１－１ セーモンプラザ２Ｆ,埼玉県草加市清門町字北401-1,セーモンプラザ2F,"139.784245,35.8537381"
トイザらス所沢,埼玉県所沢市北原町１４０４,埼玉県所沢市北原町1404,,"139.4813234,35.8106203"
西友東松山,埼玉県東松山市小松原町１１－２,埼玉県東松山市小松原町11-2,,"139.4080804,36.043787"
西友小手指,埼玉県所沢市小手指町１－２５－８,埼玉県所沢市小手指町1-25-8,,"139.4395333,35.8028814"
JOYFUL－2幸手,埼玉県幸手市上高野１２５８－１,埼玉県幸手市上高野1258-1,,"139.7145895,36.0615877"
セガ与野,埼玉県さいたま市中央区本町西５－２－９ イオン与野ショッピングセンター３Ｆ,埼玉県さいたま市中央区本町西5-2-9,イオン与野ショッピングセンター3F,"139.6145758,35.8912003"
ニコパ越谷サンシティ店,埼玉県越谷市南越谷１丁目２８７６番１ 越谷サンシティＳＣ４Ｆ,埼玉県越谷市南越谷1-2876-1,越谷サンシティSC4F,"139.7915612,35.8738911"
ハローズガーデン伊奈店,埼玉県北足立郡伊奈町学園２－１８８－１ ＵＮＩＣＵＳ伊奈店２階,埼玉県北足立郡伊奈町学園2-188-1,UNICUS伊奈店2階,"139.6128979,36.0102543"
ハローズガーデン深谷店,埼玉県深谷市上紫町西４－２－１４ アリオ深谷店２階,埼玉県深谷市上紫町西4-2-14,アリオ深谷店2階,"139.2993917,36.1812774"
ハローズガーデンワカバウォーク店,埼玉県鶴ケ島市富士見１－２－１ワカバウォーク北棟２階,埼玉県鶴ケ島市富士見1-2-1,ワカバウォーク北棟2階,"139.411024,35.9491887"
あひるのたまご所沢山口店,埼玉県所沢市小手指台２３－１マミーマート所沢山口店内プレインランドコーナージャンボリー,埼玉県所沢市小手指台23-1,マミーマート所沢山口店内プレインランドコーナージャンボリー,"139.4428965,35.7917858"
ユーズランド春日部店,埼玉県春日部市下柳４２０－１イオンモール春日部２Ｆ区画番号２０３７,埼玉県春日部市下柳420-1,イオンモール春日部2F区画ー号2037,"139.788991,35.9879134"
アピタ東松山,埼玉県東松山市あずま町４－３,埼玉県東松山市あずま町4-3,,"139.4107946,36.0052089"
アピタ岩槻,埼玉県さいたま市岩槻区大字大口８００,埼玉県さいたま市岩槻区大字大口800,,"139.7475951,35.9467943"
RONI 浦和パルコ店,埼玉県さいたま市浦和区東高砂町１１－１浦和パルコ３Ｆ,埼玉県さいたま市浦和区東高砂町11-1,浦和パルコ3F,"139.6591036,35.858683"
イトーヨーカドー新田,埼玉県草加市旭町６－１５－３０,埼玉県草加市旭町6-15-30,,"139.7942221,35.8517438"
イトーヨーカドー坂戸,埼玉県坂戸市日の出町号５－３０,埼玉県坂戸市日の出町-5-30,,"139.39146,35.957654"
イトーヨーカドー上尾駅前,埼玉県上尾市谷津２－１－１,埼玉県上尾市谷津2-1-1,,"139.588454,35.9722045"
イトーヨーカドー錦町,埼玉県蕨市錦町１－１２－１,埼玉県蕨市錦町1-12-1,,"139.6780809,35.8216019"
イトーヨーカドーアリオ鷲宮,埼玉県久喜市久本寺谷田７番地１,埼玉県久喜市久本寺谷田7-1,,"139.66139510000002,36.0786561"
モーリーファンタジー春日部,埼玉県春日部市下柳４２０－１イオン３Ｆ,埼玉県春日部市下柳420-1,イオン3F,"139.7894474,35.9881003"
モーリーファンタジー上里,埼玉県児玉郡上里町大字金久保字蓮山３５９番１ イオンタウン２Ｆ,埼玉県児玉郡上里町大字金久保字蓮山359-1,イオンタウン2F,"139.1359131,36.2605985"
モーリーファンタジー川口,埼玉県川口市安行領根岸字外谷田３１８０－１ イオン３Ｆ,埼玉県川口市安行領根岸字外谷田3180-1,イオン3F,"139.7227695,35.8373093"
モーリーファンタジー与野,埼玉県さいたま市中央区本町西５丁目２－９イオン３Ｆ,埼玉県さいたま市中央区本町西5-2-9,イオン3F,"139.6147857,35.8907519"
らんらんらんど本庄,埼玉県本庄市本庄２－３－６ バナーズビル２Ｆ,埼玉県本庄市本庄2-3-6,バナーズビル2F,"139.1911559,36.2374366"
ビックカメラ大宮西口そごう店,埼玉県さいたま市さいたま市大宮区桜木町１－８－４ そごうパーキング館,埼玉県さいたま市さいたま市大宮区桜木町1-8-4,そごうパーキング館,"139.6210254,35.9045022"
イオン新座,埼玉県新座市東北２－３２－１２,埼玉県新座市東北2-32-12,,"139.5748294,35.8201355"
イオン春日部,埼玉県春日部市下柳４２０－１,埼玉県春日部市下柳420-1,,"139.7894661,35.9876827"
イオン川口前川,埼玉県川口市前川１－１－１１,埼玉県川口市前川1-1-11,,"139.70770170000003,35.834151"
イオン川口,埼玉県川口市安行領根岸字外谷田３１８０－１,埼玉県川口市安行領根岸字外谷田3180-1,,"139.72317710000002,35.8375093"
イオン与野,埼玉県さいたま市中央区本町西５－２－９,埼玉県さいたま市中央区本町西5-2-9,,"139.6151284,35.8911177"
イトーヨーカドー三郷店,,埼玉県さいたま市中央区本町西5-2-9,,"139.85428100000001,35.843238"
ラクガキ王国 三郷,,埼玉県さいたま市中央区本町西5-2-9,,"139.85412299999996,35.843754"
イオンレイクタウン,埼玉県越谷市東町２－８,埼玉県越谷市東町2-8,,"139.8287986,35.8821102"
イオン熊谷,埼玉県熊谷市本石２－１３５,埼玉県熊谷市本石2-135,,"139.3790383,36.1452845"
MEGAドン・キホーテ草加店,,埼玉県ふじみ野市ふじみ野1-2-1,,"139.80315700000006,35.8431423"
MEGAドンキホーテ蓮田,,埼玉県ふじみ野市ふじみ野1-2-1,,"139.65774399999998,35.980256"
モーリーファンタジー甲府昭和,山梨県中巨摩郡（ナカコマグン）昭和町常永土地区画整理地内１街区イオン３Ｆ,山梨県中巨摩郡(ナカコマグン)昭和町常永土地区画整理地内1,街区イオン3F,"138.5274898,35.6221"
らんらんらんど南アルプス,山梨県南アルプス市小笠原１４２３－１トライアル南アルプス店Ｂ１Ｆ,山梨県南アルプス市小笠原1423-1,トライアル南アルプス店B1F,"138.4670873,35.6180403"
イオン甲府昭和,山梨県中巨摩郡昭和町常永土地区画整理地内一街区,山梨県中巨摩郡昭和町常永土地区画整理地内一街区,,"138.5273714,35.6230043"
タイトー F ステーション ラザウォーク甲斐双葉店,,山梨県笛吹市石和町駅前16-1,,"138.48218799999995,35.685415"
トイザらス新潟,新潟県新潟市中央区上近江４－１２－２０デッキィ４０１内,新潟県新潟市中央区上近江4-12-20,デッキィ401内,"139.0296965,37.8983801"
ヨドバシカメラ新潟,新潟県新潟市中央区花園１－１－１,新潟県新潟市中央区花園1-1-1,,"139.0611787,37.911882"
こころっこ上越,新潟県上越市とよば２３９番の１バロー上越店内,新潟県上越市とよば239,の1バロー上越店内,"138.2768431,37.1026512"
イトーヨーカドー丸大新潟,新潟県新潟市中央区本町通り ６－１１２２－１,新潟県新潟市中央区本町通り6-1122-1,,"139.0470495,37.9200369"
モーリーファンタジー十日町,新潟県十日町市字川端丑７８４－１イオン１Ｆ,新潟県十日町市字川端丑784-1,イオン1F,"138.7456064,37.1383552"
モーリーファンタジー小千谷,新潟県小千谷市大字平沢新田字荒田３３９イオン２Ｆ,新潟県小千谷市大字平沢新田字荒田339,イオン2F,"138.7941555,37.3198377"
モーリーファンタジー上越,新潟県上越市富岡３４５８番地アコーレ２階アコーレ２Ｆ,新潟県上越市富岡3458,アコーレ2階アコーレ2F,"138.2587701,37.1523677"
モーリーファンタジー上越新井,新潟県妙高市栗原４－７－１１新井Ｓｃ１Ｆ,新潟県妙高市栗原4-7-11,新井Sc1F,"138.2618014,37.0544302"
モーリーファンタジー新発田,新潟県新発田市住吉町５丁目１１番５号イオン２Ｆ,新潟県新発田市住吉町5-11-5,イオン2F,"139.3099392,37.9426554"
ビックカメラ新潟店,新潟県新潟市中央区花園１－１－２１ＣｏＣｏＬｏ南館内１Ｆ,新潟県新潟市中央区花園1-1-21,CoCoLo南館内1F,"139.0633178,37.9118368"
イオン長岡,新潟県長岡市古正寺１－２４９－１,新潟県長岡市古正寺1-249-1,,"138.8233759,37.4542016"
イオン上越,新潟県上越市富岡３４５７,新潟県上越市富岡3457,,"138.2586248,37.153082"
アピタ黒部,富山県黒部市前沢字北１０１７番地４,富山県黒部市前沢字北1017-4,,"137.446028,36.8629382"
トイザらス札幌厚別,北海道札幌市厚別区厚別西四条２－８－７,北海道札幌市厚別区厚別西四条2-8-7,,"141.4564012,43.0511274"
トイザらス旭川,北海道旭川市永山１２条３－１２２－５５　ウエスタンパワーズ内,北海道旭川市永山12,条3ー122ー55 ウエスタンパワーズ内,"142.412802,43.7796655"
トイザらス釧路,北海道釧路市昭和中央３－３－８,北海道釧路市昭和中央3-3-8,,"144.360028,43.0221011"
西友手稲,北海道札幌市手稲区前田１条１１－３１１－１　,北海道札幌市手稲区前田1,条11ー311ー1,"141.2454174,43.1205195"
ダイエー東さっぽろ,北海道札幌市白石区東札幌３条２－１　,北海道札幌市白石区東札幌3,条2ー1,"141.3852794,43.0527137"
ダイエー上磯,北海道北斗市七重浜４－４４－１　,北海道北斗市七重浜4-44-1,,"140.712659,41.8214675"
イオン旭川西,北海道旭川市緑町２３丁目２１６１－３　,北海道旭川市緑町23-2161-3,,"142.3265629,43.7939401"
イオン旭川春光,北海道旭川市春光町１０　,北海道旭川市春光町10,,"142.3559232,43.7929147"
ヨドバシカメラ札幌,北海道札幌市北区北６条西５－１－２２３Ｆ,北海道札幌市北区北6,条西5ー1ー223F,"141.3475799,43.0684548"
おもちゃのヨシダ,北海道旭川市本町３丁目 新橘通りベルフォーレ横,北海道旭川市本町3,新橘通りベルフォーレ横,"142.355962,43.7810568"
キャッツアイ新札幌店,北海道札幌市厚別区厚別東５条１丁目,北海道札幌市厚別区厚別東5,条1ー,"141.4757921,43.0452621"
キャッツアイ清田店,北海道札幌市清田区清田１条１丁目２０－１,北海道札幌市清田区清田1,条1ー20ー1,"141.4363906,43.0030159"
キャッツアイBIG東苗穂店,北海道札幌市東区東苗穂３条２丁目,北海道札幌市東区東苗穂3,条2ー,"141.4046097,43.0861308"
イトーヨーカドー旭川,北海道旭川市６条１４丁目６４番地,北海道旭川市6,条14ー64ー,"142.3724845,43.7688496"
イトーヨーカドー釧路,北海道釧路市新橋大通６丁目２,北海道釧路市新橋大通6-2,,"144.3718753,43.0053723"
イトーヨーカドー恵庭,北海道恵庭市恵み野西２丁目１,北海道恵庭市恵み野西2-1,,"141.5753794,42.9015715"
モーリーファンタジー江別,北海道江別市幸町３５ イオン３Ｆ,北海道江別市幸町35,イオン3F,"141.5339453,43.0969525"
モーリーファンタジー札幌桑園,北海道札幌市中央区北８条西１４丁目２８番地　　イオン２Ｆ,北海道札幌市中央区北8,条西14ー28ー  イオン2F,"141.3330313,43.0693613"
モーリーファンタジー札幌平岡,北海道札幌市清田区平岡３条５丁目３－１イオン２Ｆ,北海道札幌市清田区平岡3,条5ー3ー1イオン2F,"141.4580657,42.9966956"
モーリーファンタジー手稲山口,北海道札幌市手稲区明日風６丁目１番１号ＳｕＣ１Ｆ,北海道札幌市手稲区明日風6-1-1,SuC1F,"141.2337697,43.14190550000001"
モーリーファンタジー石狩緑苑台,北海道石狩市緑苑台中央１丁目２番ＳｕＣ１Ｆ,北海道石狩市緑苑台中央1-2,SuC1F,"141.3349246,43.1589651"
モーリーファンタジー名寄,北海道名寄市字徳田８０番地１イオンＳＣ２Ｆ,北海道名寄市字徳田80-1,イオンSC2F,"142.4530393,44.3386905"
らんらんらんど中標津,北海道標津郡中標津町南町３番地１０ 東武サウスヒルズ１Ｆ　　　,北海道標津郡中標津町南町3-10,東武サウスヒルズ1F,"144.9778147,43.53626320000001"
ビックカメラ札幌店,北海道札幌市中央区北五条西２－１　札幌ＥＳＴＡ　ＪＲタワー５Ｆ,北海道札幌市中央区北五条西2-1,札幌ESTA JRタワー5F,"141.3529667,43.0673973"
イオン鹿児島,鹿児島県鹿児島市東開町７,鹿児島県鹿児島市東開町7,,"130.5368953,31.527252400000002"
イオン姶良,鹿児島県姶良郡姶良町 東餅田 ３３６,鹿児島県姶良郡姶良町 東餅田336,,"130.6284793,31.7333009"
ビックカメラ鹿児島中央駅店,鹿児島県鹿児島市中央町１－１ / １階トイズコーナー,鹿児島県鹿児島市中央町1-11,階トイズコーナー,"130.5403176,31.5839324"
イオン具志川,沖縄県うるま市字前原幸崎原３０３番地,沖縄県うるま市字前原幸崎原303,,"127.84470239999999,26.3383301"
(株)サンエー那覇メインプレイス店,沖縄県那覇市おもろまち４－４－９２Ｆ,沖縄県那覇市おもろまち4-4-92F,,"127.6951457,26.2255749"
(株)サンエー具志川メインシティ店,沖縄県うるま市江洲４５０－１２Ｆ,沖縄県うるま市江洲450-12F,,"127.82585729999998,26.3527184"
らんらんらんど浦添,沖縄県浦添市城間４－７－１浦添ショッピングセンター３Ｆ,沖縄県浦添市城間4-7-1,浦添ショッピングセンター3F,"127.71265130000002,26.2586531"
アル・プラザつかしん,兵庫県尼崎市塚口本町４－８－１,兵庫県尼崎市塚口本町4-8-1,,"135.4194003,34.7624303"
ペリカン西神戸,兵庫県神戸市西区竜が岡１－２１－１カナート西神戸内２Ｆ,兵庫県神戸市西区竜が岡1-21-1,カナート西神戸内2F,"134.9403013,34.7108049"
ライフ下山手,兵庫県神戸市中央区下山手通７－１－２,兵庫県神戸市中央区下山手通7-1-2,,"135.1788478,34.6877844"
西友ザ・モール姫路,兵庫県姫路市今宿２０１７－１,兵庫県姫路市今宿2017-1,,"134.6698458,34.8409512"
モーリーファンタジー伊丹昆陽,兵庫県伊丹市池尻４－１－１ イオン３Ｆ,兵庫県伊丹市池尻4-1-1,イオン3F,"135.3831715,34.78436130000001"
モーリーファンタジー加古川,兵庫県加古川市平岡町新在家６１５－１イオン２Ｆ,兵庫県加古川市平岡町新在家615-1,イオン2F,"134.8624837,34.7492574"
モーリーファンタジー三木,兵庫県三木市大村字砂１６３イオン３Ｆ,兵庫県三木市大村字砂163,イオン3F,"134.9724881,34.8052391"
モーリーファンタジー山崎,兵庫県宍粟市山崎町中井字城下１０ イオン３Ｆ,兵庫県宍粟市山崎町中井字城下10,イオン3F,"134.543496,35.0021692"
モーリーファンタジー南淡路,兵庫県南あわじ市賀集八幡北字東内３７８－１イオン１Ｆ,兵庫県南あわじ市賀集八幡北字東内378-1,イオン1F,"134.7408563,34.2795805"
モーリーファンタジー明石,兵庫県明石市大久保町ゆりのき通り３－３－１ イオン明石３番街３Ｆ,兵庫県明石市大久保町ゆりのき通り3-3-1,イオン明石3ー街3F,"134.9351504,34.67884"
らんらんらんど長田南,兵庫県神戸市長田区東尻池新町１番２０号イオン長田南ショッピングセンター内２Ｆ,兵庫県神戸市長田区東尻池新町1-20,イオン長田南ショッピングセンター内2F,"135.1593499,34.6551984"
イオン赤穂,兵庫県赤穂市中広字別所５５－３,兵庫県赤穂市中広字別所55-3,,"134.4008295,34.7558146"
イオン和田山,兵庫県朝来市和田山町牧田岡７７４,兵庫県朝来市和田山町牧田岡774,,"134.8636862,35.329326"
イオン猪名川,兵庫県川辺郡猪名川町猪名川町白金 ２－１,兵庫県川辺郡猪名川町猪名川町白金2-1,,"135.3651532,34.9021483"
イオン伊丹昆陽,兵庫県伊丹市池尻４－１－１,兵庫県伊丹市池尻4-1-1,,"135.38222740000003,34.7845199"
イオン神戸北,兵庫県神戸市北区上津台８－１－１,兵庫県神戸市北区上津台8-1-1,,"135.1945815,34.8609275"
イオン加古川,兵庫県加古川市平岡町新在家６１５－１,兵庫県加古川市平岡町新在家615-1,,"134.8621201,34.7491423"
イオン明石,兵庫県明石市大久保町ゆりのき通３－３－１,兵庫県明石市大久保町ゆりのき通3-3-1,,"134.9351072,34.67862680000001"
イオン洲本,兵庫県洲本市塩屋１－１－８,兵庫県洲本市塩屋1-1-8,,"134.8925861,34.3450718"
アピタ大和郡山,奈良県大和郡山市田中町字宮西５１７番,奈良県大和郡山市田中町字宮西517,,"135.7695403,34.6422744"
ペリカン和歌山,和歌山県和歌山市新生町７－２０イズミヤ内２Ｆ,和歌山県和歌山市新生町7-20,イズミヤ内2F,"135.18755990000002,34.2216139"
ドナリアコットミレニアシティ岩出店,和歌山県岩出市中迫字塚本１４７ミレニアシティ,和歌山県岩出市中迫字塚本147,ミレニアシティ,"135.31544310000004,34.2598459"
にこぱガーデンパーク和歌山店,和歌山県松江字向鵜の島１４６９－１ ガーデンパーク和歌山,和歌山県松江字向鵜の島1469-1,ガーデンパーク和歌山,"135.1533632,34.239266"
ユーズランド和歌山店,和歌山県和歌山市中字楠谷５７３番地 イオンモール和歌山２Ｆ区画番号２０５９,和歌山県和歌山市中字楠谷573,イオンモール和歌山2F区画ー号2059,"135.1487423,34.2757354"
オークワ スーパーセンター南紀店,和歌山県新宮市佐野３－１１－１９,和歌山県新宮市佐野3-11-19,,"135.9696523,33.6753618"
オークワ パビリオンシティ田辺店,和歌山県田辺市稲成町新江原３１６５,和歌山県田辺市稲成町新江原3165,,"135.3759054,33.7440266"
オークワ ミレニアシティ岩出店,和歌山県岩出市中迫１４７,和歌山県岩出市中迫147,,"135.3150662,34.2597521"
オークワ ロマンシティ御坊店,和歌山県御坊市湯川町財部１８１,和歌山県御坊市湯川町財部181,,"135.1487845,33.8976627"
タイトーFステーション 御坊店,和歌山県御坊市湯川町財部１８１番地,和歌山県御坊市湯川町財部181,,"135.1489615,33.8977874"
モーリーファンタジー和歌山,和歌山県和歌山市中字楠谷５７３番地イオン３Ｆ,和歌山県和歌山市中字楠谷573,イオン3F,"135.1489488,34.275875"
トイザらス岡山,岡山県岡山市北区岡南町２－６－５２,岡山県岡山市北区岡南町2-6-52,,"133.9263805,34.6403394"
ユーズランド倉敷店,岡山県倉敷市水江一番地イオンモール倉敷２Ｆ,岡山県倉敷市水江一-イオンモ-ル倉敷2F,,"133.7460732,34.6032748"
こどもや西大寺店,岡山県岡山市西大寺南１－２－１天満屋ハピータウン西大寺店内,岡山県岡山市西大寺南1-2-1,天満屋ハピータウン西大寺店内,"134.0300687,34.6524334"
モーリーファンタジーイオン倉敷,岡山県倉敷市水江１番地イオン１Ｆ,岡山県倉敷市水江1,イオン1F,"133.7459338,34.6027449"
モーリーファンタジー岡北,岡山県岡山市北区中井町２－２－７天満屋ハピータウン３Ｆ,岡山県岡山市北区中井町2-2-7,天満屋ハピータウン3F,"133.9287009,34.6796328"
モーリーファンタジー水島,岡山県倉敷市水島高砂町３番１１号マックスバリュ１Ｆ,岡山県倉敷市水島高砂町3-11,マックスバリュ1F,"133.7369128,34.5304933"
モーリーファンタジー津山,岡山県津山市河辺１０００－１イオン２Ｆ,岡山県津山市河辺1000-1,イオン2F,"134.0458668,35.0649267"
イオン津山,岡山県津山市河辺１０００－１,岡山県津山市河辺1000-1,,"134.0464004,35.0651166"
ペリカン呉,広島県呉市宝町５－１０ゆめタウン呉内３Ｆ,広島県呉市宝町5-10,ゆめタウン呉内3F,"132.556431,34.2423015"
ペリカン大竹,広島県大竹市晴海１－６－１ゆめタウン大竹内２Ｆ,広島県大竹市晴海1-6-1,ゆめタウン大竹内2F,"132.2235994,34.2412056"
トイザらス広島宇品,広島県広島市南区宇品西２１６－５１ベイシティ宇品２Ｆ,広島県広島市南区宇品西216-51,ベイシティ宇品2F,"132.4579438,34.364442"
トイザらス福山,広島県福山市東深津町３－２１－４,広島県福山市東深津町3-21-4,,"133.3984065,34.4946142"
フジグラン神辺,広島県福山市神辺町道上７５,広島県福山市神辺町道上75,,"133.3571823,34.5444996"
フジグラン三原,広島県三原市円一町１－１－７,広島県三原市円一町1-1-7,,"133.0790152,34.39282"
ヤマダ電機テックランド福山西,広島県福山市高西町三丁目２番３８号,広島県福山市高西町3-2-38,,"133.2382948,34.4442867"
イトーヨーカドー福山,広島県福山市入船町３－１－６０,広島県福山市入船町3-1-60,,"133.3784849,34.4868696"
ふぇすたらんど五日市,広島県広島市佐伯区八幡１－２４－１７サンリブ五日市店内,広島県広島市佐伯区八幡1-24-17,サンリブ五日市店内,"132.3585597,34.3870108"
モーリーファンタジー・f広島祇園,広島県広島市安佐南区祇園３丁目２－１イオンＳＣ３Ｆ,広島県広島市安佐南区祇園3-2-1,イオンSC3F,"132.46142790000002,34.4440928"
イオン広島府中,広島県安芸郡府中町府中町大須２－１－１,広島県安芸郡府中町府中町大須2-1-1,,"132.4999746,34.3943731"
イオン三原,広島県三原市城町２－１３－１,広島県三原市城町2-13-1,,"133.0872248,34.3991334"
トイザらス下関,山口県下関市ゆめタウン１－１ゆめタウン長府内,山口県下関市ゆめタウン1-1,ゆめタウン長府内,"131.0127757,34.0301968"
ふぇすたらんど下松,山口県下松市南花岡六丁目８番１号サンリブ下松店内,山口県下松市南花岡6-8-1,サンリブ下松店内,"131.8654849,34.0306232"
モーリーファンタジー光,山口県光市浅江字木園１７５６－１ イオン２Ｆ,山口県光市浅江字木園1756-1,イオン2F,"131.9278314,33.9790769"
平和堂大野,岐阜県揖斐郡大野町大字黒野字上柿木１２－１,岐阜県揖斐郡大野町大字黒野字上柿木12-1,,"136.6216078,35.4672235"
アル・プラザ鶴見,岐阜県大垣市鶴見町字上渡瀬 ６４１－２,岐阜県大垣市鶴見町字上渡瀬641-2,,"136.6424628,35.3590696"
ペリカン高山,岐阜県高山市岡本町３－１８－２バロー高山内２Ｆ,岐阜県高山市岡本町3-18-2,バロー高山内2F,"137.2471021,36.1496493"
セガワールドアクアウォーク大垣,岐阜県大垣市林町六丁目８０番２１アクアウォーク大垣２Ｆ,岐阜県大垣市林町6-80-21,アクアウォーク大垣2F,"136.6173199,35.3703827"
にこぱアクアウォーク大垣店,岐阜県大垣市林町６丁目８０番２１,岐阜県大垣市林町6-80-21,,"136.6171384,35.3706092"
アピタ岐阜,岐阜県岐阜市加納神明町６丁目１番地,岐阜県岐阜市加納神明町6-1,,"136.7490887,35.4014982"
アピタ各務原,岐阜県各務原市鵜沼各務原町８丁目７番地,岐阜県各務原市鵜沼各務原町8-7,,"136.9049071,35.397704100000006"
イトーヨーカドー柳津,岐阜県岐阜市柳津町丸野３－３－６,岐阜県岐阜市柳津町丸野3-3-6,,"136.7273434,35.3639975"
モーリーファンタジー関,岐阜県関市倉知５１６ サンサンシティ・マーゴイオン１Ｆ,岐阜県関市倉知516,サンサンシティ・マーゴイオン1F,"136.9001064,35.4779127"
トイザらス静岡,静岡県静岡市清水区鳥坂８６０ クレッセ静岡２Ｆ,静岡県静岡市清水区鳥坂860,クレッセ静岡2F,"138.4340189,35.0132085"
トイザらス浜松,静岡県浜松市中区鍛冶町１５ ザザシティハママツ２Ｆ,静岡県浜松市中区鍛冶町15,ザザシティハママツ2F,"137.7291276,34.7048136"
西友沼津,静岡県沼津市大岡１３３０－１,静岡県沼津市大岡1330-1,,"138.8753735,35.102084"
西友浜北,静岡県浜松市浜北区平口２８６１番地,静岡県浜松市浜北区平口2861,,"137.760731,34.7944018"
AGスクエア清水,静岡県静岡市清水区駒越北町８－１ベイドリーム清水,静岡県静岡市清水区駒越北町8-1,ベイドリーム清水,"138.4994752,34.9848903"
AGスクエア磐田,静岡県磐田市下万能４１３,静岡県磐田市下万能413,,"137.8328781,34.7179812"
ミシマトイス,静岡県三島市本町３番３５号,静岡県三島市本町3-35,,"138.9141007,35.1194906"
THE 3RD PLANET フレスポ静岡店,静岡県静岡市清水区鳥坂８６０番地,静岡県静岡市清水区鳥坂860,,"138.4343247,35.0133227"
THE 3RD PLANET BiVi沼津店,静岡県沼津市大手町１丁目１番５号,静岡県沼津市大手町1-1-5,,"138.8610723,35.1039796"
ピアゴ袋井,静岡県袋井市新池字原川田１１５８番地１,静岡県袋井市新池字原川田1158-1,,"137.9128383,34.7402909"
ピアゴ榛原,静岡県牧之原市細江字濱田１３７１番地１,静岡県牧之原市細江字濱田1371-1,,"138.2394651,34.7499938"
ピアゴ上岡田,静岡県磐田市上岡田字村東８１７番地１,静岡県磐田市上岡田字村東817-1,,"137.8488832,34.6991743"
ピアゴ香貫,静岡県沼津市下香貫字汐入２２１６番地,静岡県沼津市下香貫字汐入2216,,"138.8765783,35.0735688"
アピタ浜北,静岡県浜松市貴布称１２００番地,静岡県浜松市貴布称1200,,"137.7791316,34.7987577"
アピタ大仁,静岡県伊豆の国市吉田字九十分１５３番の１,静岡県伊豆の国市吉田字九十分153,の1,"138.9361629,35.0001792"
プラサカプコン志都呂店,静岡県浜松市西区志都呂町５６０５イオンモール浜松志都呂３Ｆ,静岡県浜松市西区志都呂町5605,イオンモール浜松志都呂3F,"137.6506509,34.696685"
MARK IS 静岡店,静岡県静岡市葵区柚木１９１ＭＡＲＫＩＳ静岡３階,静岡県静岡市葵区柚木191,MARKIS静岡3階,"138.4091493,34.9842497"
タイトーステーション ウェルディ長泉店,静岡県駿東郡長泉町下長窪字城山１０７６－１ / ウェルディ長泉２Ｆ,静岡県駿東郡長泉町下長窪字城山1076-1,ウェルディ長泉2F,"138.8911349,35.1483596"
タイトーFステーション 浜松市野,静岡県浜松市東区天王町字諏訪１９８１－３ イオンモール浜松市野店１Ｆ,静岡県浜松市東区天王町字諏訪1981-3,イオンモール浜松市野店1F,"137.7630438,34.7400129"
イトーヨーカドー浜松宮竹,静岡県浜松市東区上西町１０２０－１,静岡県浜松市東区上西町1020-1,,"137.7643641,34.724349"
ソユー竜宮タウン静岡店,静岡県静岡市駿河区石田一丁目５番１号アピタ静岡ＳＣ２Ｆ,静岡県静岡市駿河区石田1-5-1,アピタ静岡SC2F,"138.401988,34.9598953"
モーリーファンタジー・f富士南,静岡県富士市鮫島１１８－１０イオンタウン２Ｆ,静岡県富士市鮫島118-10,イオンタウン2F,"138.6757142,35.1402072"
モーリーファンタジー浜松市野,静岡県浜松市東区天王町字諏訪１９８１－３ イオン２Ｆ,静岡県浜松市東区天王町字諏訪1981-3,イオン2F,"137.7626038,34.740348"
モーリーファンタジー浜松志都呂,静岡県浜松市西区志都呂町二丁目３７番１号イオン３Ｆ,静岡県浜松市西区志都呂町2-37-1,イオン3F,"137.6510265,34.6965482"
らんらんらんど袋井,静岡県袋井市新池字原川田１１５８番地１ピアゴ袋井店２Ｆ,静岡県袋井市新池字原川田1158-1,ピアゴ袋井店2F,"137.9134928,34.7401147"
ビックカメラ浜松店,静岡県浜松市中区砂山町３２２－１,静岡県浜松市中区砂山町322-1,,"137.7338611,34.7032437"
イオン浜松市野,静岡県浜松市東区天王町字諏訪 １９８１－３,静岡県浜松市東区天王町字諏訪1981-3,,"137.7633119,34.7404273"
