名前,address_orig,住所,お店の場所
トイザらス津,三重県津市藤方９８５－１,三重県津市藤方985-1,
ドナリアコットサンバレー店,三重県津市高茶屋小森町１４５サンバレー２Ｆ,三重県津市高茶屋小森町145,サンバレー2F
NICOPAイオン津店,三重県津市桜橋３－４４６イオン津店２Ｆ,三重県津市桜橋3-446,イオン津店2F
NICOPAイオン伊勢店,三重県伊勢市楠部町乙１６０イオン伊勢店,三重県伊勢市楠部町乙160,イオン伊勢店
NICOPA四日市北店,三重県四日市市富州原町２－４０イオン四日市北店,三重県四日市市富州原町2-40,イオン四日市北店
四日市アミューズメントパーク,三重県四日市市安島１－３－３１ララスクエア５Ｆ,三重県四日市市安島1-3-31,ララスクエア5F
ピアゴ嬉野店,三重県松阪市嬉野中川新町４丁目２０５番地,三重県松阪市嬉野中川新町4-205,
ピアゴ阿倉川,三重県四日市市阿倉川町１５番２７号,三重県四日市市阿倉川町15-27,
アピタ鈴鹿,三重県鈴鹿市南玉垣町３６２８,三重県鈴鹿市南玉垣町3628,
アピタ松阪三雲,三重県松阪市市場庄町１２６６番地の１,三重県松阪市市場庄町1266-1,
アピタ四日市,三重県四日市市安島１丁目３番３１号,三重県四日市市安島1-3-31,
アピタ桑名,三重県桑名市中央町三丁目２１番地,三重県桑名市中央町3-21,
アピタ伊賀上野,三重県上野市服部町１７８８番地,三重県上野市服部町1788,
タイトーステーション イオン明和店,三重県多気郡明和町中村１２２３,三重県多気郡明和町中村1223,
アピナ鈴鹿店,三重県鈴鹿市庄野羽山４－２０－１イオンタウン鈴鹿２階,三重県鈴鹿市庄野羽山4-20-1,イオンタウン鈴鹿2階
モーリーファンタジー阿児,三重県志摩市阿児町鵜方３２１５イオン２Ｆ,三重県志摩市阿児町鵜方3215,イオン2F
モーリーファンタジー伊賀上野,三重県伊賀市上野茅町２５１９イオン２Ｆ,三重県伊賀市上野茅町2519,イオン2F
モーリーファンタジー四日市北,三重県四日市市富州原町２－４０ イオン２Ｆ,三重県四日市市富州原町2-40,イオン2F
モーリーファンタジー津城山,三重県津市久居小野辺町１１３０－７イオンタウン２Ｆ,三重県津市久居小野辺町1130-7,イオンタウン2F
モーリーファンタジー東員,三重県員弁郡東員町長深字築田５１０番地１イオン３Ｆ,三重県員弁郡東員町長深字築田510-1,イオン3F
モーリーファンタジー明和,三重県多気郡明和町中村長波賀１２２３番地イオン２Ｆ,三重県多気郡明和町中村長波賀1223,イオン2F
モーリーファンタジー鈴鹿,三重県鈴鹿市庄野羽山４－１－２イオン２Ｆ,三重県鈴鹿市庄野羽山4-1-2,イオン2F
イオン伊勢,三重県伊勢市楠部町乙１６０－２,三重県伊勢市楠部町乙160-2,
イオン鈴鹿,三重県鈴鹿市庄野羽山４－１－２,三重県鈴鹿市庄野羽山4-1-2,
イオン明和,三重県多気郡明和町中村１２２３,三重県多気郡明和町中村1223,
アル・プラザ水口,滋賀県甲賀市水口町本綾野５６６－１,滋賀県甲賀市水口町本綾野566-1,
ビバシティ平和堂,滋賀県彦根市竹ケ鼻町４３－１,滋賀県彦根市竹ケ鼻町43-1,
アル・プラザ草津,滋賀県草津市西渋川１－２３－３０,滋賀県草津市西渋川1-23-30,
トイザらス大津,滋賀県大津市萱野浦２５－３０,滋賀県大津市萱野浦25-30,
トイザらス彦根,滋賀県彦根市小泉町３１－１ ビバシティ内,滋賀県彦根市小泉町31-1,ビバシティ内
セガワールド草津,滋賀県草津市西渋川一丁目２３番２３号 ＳＡＲＡ新棟２Ｆ,滋賀県草津市西渋川1-23-23,SARA新棟2F
ゲームランド草津,滋賀県草津市新浜町３００イオンモール草津３Ｆ,滋賀県草津市新浜町300,イオンモール草津3F
タイトーFステーション イオン近江八幡店,滋賀県近江八幡市鷹飼町南３丁目７番地 イオン近江八幡２番街１階,滋賀県近江八幡市鷹飼町南3-7,イオン近江八幡2ー街1階
モーリーファンタジー近江八幡,滋賀県近江八幡市鷹飼町南３丁目７番イオン３Ｆ,滋賀県近江八幡市鷹飼町南3-7,イオン3F
モーリーファンタジー西大津,滋賀県大津市皇子が丘３－１１－１イオン４Ｆ,滋賀県大津市皇子が丘3-11-1,イオン4F
モーリーファンタジー草津,滋賀県草津市新浜町３００イオン３Ｆ,滋賀県草津市新浜町300,イオン3F
モーリーファンタジー長浜,滋賀県長浜市山階町２７１－１イオン２Ｆ,滋賀県長浜市山階町271-1,イオン2F
イオン草津,滋賀県草津市新浜町３００,滋賀県草津市新浜町300,
アル・プラザ亀岡,京都府亀岡市篠町野条上又１１－１,京都府亀岡市篠町野条上又11-1,
アル・プラザ城陽,京都府城陽市富野荒見田１１２,京都府城陽市富野荒見田112,
アル・プラザ京田辺,京都府京田辺市田辺中央５－２－１,京都府京田辺市田辺中央5-2-1,
トイザらス向日市,京都府向日市鶏冠井町西金村５ むこうしステーションパーク内,京都府向日市鶏冠井町西金村5,むこうしステーションパーク内
ライフ太秦,京都府京都市右京区太秦安井池田町６,京都府京都市右京区太秦安井池田町6,
イズミヤ八幡,京都府八幡市八幡一ノ坪２３－１,京都府八幡市八幡一ノ坪23-1,
キデイランド京都洛北,京都府京都市左京区高野西開町３６番地カナート洛北,京都府京都市左京区高野西開町36,カナート洛北
セガワールド六地蔵,京都府京都市伏見区桃山町山ノ下３２ 京都ショッピングセンタービルＡＭ棟２Ｆ,京都府京都市伏見区桃山町山ノ下32,京都ショッピングセンタービルAM棟2F
アミパラ京都南店,京都府向日市森本町佃15-7-2Ｆ,京都府向日市森本町佃15-7,2F
レインボーランド長岡店,京都府長岡京市開田４丁目７番１号イズミヤ長岡店２階,京都府長岡京市開田4-7-1,イズミヤ長岡店2階
レインボーランド六地蔵店,京都府京都市伏見区桃山町西尾１２番地１イズミヤ六地蔵店２階,京都府京都市伏見区桃山町西尾12-1,イズミヤ六地蔵店2階
レインボーランド伏見店,京都府京都市伏見区深草出羽屋敷町２３番地イズミヤ伏見店３階,京都府京都市伏見区深草出羽屋敷町23,イズミヤ伏見店3階
モーリーファンタジー京都五条,京都府京都市右京区西院追分町２５－１イオン２Ｆ,京都府京都市右京区西院追分町25-1,イオン2F
モーリーファンタジー高の原,京都府木津川市相楽台１－１－１ イオンＳＣ４Ｆ,京都府木津川市相楽台1-1-1,イオンSC4F
モーリーファンタジー福知山,京都府福知山市岩井７９－８イオン２Ｆ,京都府福知山市岩井79-8,イオン2F
イオン伏見,京都府京都市伏見区御堂前町６１６,京都府京都市伏見区御堂前町616,
イオン京都五条,京都府京都市右京区西院追分町２５－１,京都府京都市右京区西院追分町25-1,
イオン福知山,京都府福知山市岩井７９－８,京都府福知山市岩井79-8,
イオン高の原,京都府木津川市相楽台１－１－１,京都府木津川市相楽台1-1-1,
トイザらス八戸,青森県八戸市沼館４－７－１１０,青森県八戸市沼館4-7-110,
イトーヨーカドー八戸沼館,青森県八戸市沼館４－７－１１１,青森県八戸市沼館4-7-111,
イトーヨーカドー青森,青森県青森市浜田１－１４－１,青森県青森市浜田1-14-1,
モーリーファンタジーつがる柏,青森県つがる市柏稲盛幾世４１－１イオン１Ｆ,青森県つがる市柏稲盛幾世41-1,イオン1F
モーリーファンタジー藤崎,青森県南津軽郡藤崎町大字西豊田１－７－１イオン２Ｆ,青森県南津軽郡藤崎町大字西豊田1-7-1,イオン2F
モーリーファンタジー八戸田向,青森県八戸市大字田向字毘沙門平２７－１イオン１Ｆ,青森県八戸市大字田向字毘沙門平27-1,イオン1F
モーリーファンタジー平賀,青森県平川市小和森上松岡１９３－１マックスバリュ１Ｆ,青森県平川市小和森上松岡193-1,マックスバリュ1F
らんらんらんど三沢,青森県三沢市松園町３－１０－１　　　　　　　　ビードルプラザ三沢店１Ｆ　　　,青森県三沢市松園町3-10-1,ビードルプラザ三沢店1F
イオン青森,青森県青森市緑３－９－２,青森県青森市緑3-9-2,
イオン下田,青森県上北郡おいらせ町中野平４０－１,青森県上北郡おいらせ町中野平40-1,
トイザらス北上,岩手県北上市有田町１０－３,岩手県北上市有田町10-3,
プラサカプコン盛岡店,岩手県盛岡市前潟４丁目７番１号イオンモール盛岡２Ｆ,岩手県盛岡市前潟4-7-1,イオンモール盛岡2F
モーリーファンタジー一関,岩手県一関市山目字泥田８９－１イオン２Ｆ,岩手県一関市山目字泥田89-1,イオン2F
モーリーファンタジー遠野,岩手県遠野市新穀町１－１１とぴあ２Ｆ,岩手県遠野市新穀町1-11,とぴあ2F
モーリーファンタジー盛岡,岩手県盛岡市前潟４－７－１イオン２Ｆ,岩手県盛岡市前潟4-7-1,イオン2F
モーリーファンタジー盛岡南,岩手県盛岡市本宮７－１－１イオン３Ｆ,岩手県盛岡市本宮7-1-1,イオン3F
モーリーファンタジー前沢,岩手県奥州市前沢区向田２丁目８５イオン２Ｆ,岩手県奥州市前沢区向田2-85,イオン2F
パロ久慈,岩手県久慈市長内町第３０地割３２－２ 久慈ショッピングセンター１Ｆ,岩手県久慈市長内町第30,地割32ー2 久慈ショッピングセンター1F
イオン前沢,岩手県奥州市前沢区向田２－８５,岩手県奥州市前沢区向田2-85,
イオン盛岡,岩手県盛岡市前潟４－７－１,岩手県盛岡市前潟4-7-1,
トイザらス石巻矢本,宮城県東松島市小松字上浮足４３,宮城県東松島市小松字上浮足43,
トイザらス名取りんくうタウン,宮城県名取市杜せきのした５－５－１３アクロスプラザ杜せきのした,宮城県名取市杜せきのした5-5-13,アクロスプラザ杜せきのした
ヤマダ電機LABI仙台,宮城県仙台市青葉区中央３丁目６－１,宮城県仙台市青葉区中央3-6-1,
ヨドバシカメラ仙台,宮城県仙台市宮城野区榴岡１－３－１２Ｆ,宮城県仙台市宮城野区榴岡1-3-12F,
西友仙台長町,宮城県仙台市太白区長町７－２０－３,宮城県仙台市太白区長町7-20-3,
ダイエー仙台,宮城県仙台市青葉区中央２－３－６,宮城県仙台市青葉区中央2-3-6,
ヨークベニマル角田,宮城県角田市角田字町尻４２８,宮城県角田市角田字町尻428,
ヨークベニマル名取西,宮城県名取市田高字原３８９,宮城県名取市田高字原389,
ヨークベニマル新田東,宮城県仙台市宮城野区新田東３－１－５,宮城県仙台市宮城野区新田東3-1-5,
ヨークベニマル岩沼,宮城県岩沼市藤浪２丁目４－１０,宮城県岩沼市藤浪2-4-10,
セガ名取セッツウイングス,宮城県名取市飯野坂字土城堀５７－１,宮城県名取市飯野坂字土城堀57-1,
セガ仙台コロナワールド,宮城県仙台市宮城野区福室字田中前一番５３－１,宮城県仙台市宮城野区福室字田中前一-53-1,
サニーランドフォルテ店,宮城県柴田郡大河原町字小島２－１,宮城県柴田郡大河原町字小島2-1,
ビーカム松森店,宮城県仙台市泉区松森字斉兵衛５８－１,宮城県仙台市泉区松森字斉兵衛58-1,
プラサカプコン石巻,宮城県石巻市茜平４丁目１０４番地イオン石巻ＳＣ２Ｆ,宮城県石巻市茜平4-104,イオン石巻SC2F
プラサカプコンイオンタウン佐沼,宮城県登米市南方町新島前４６－１イオンタウン佐沼１Ｆ,宮城県登米市南方町新島前46-1,イオンタウン佐沼1F
イトーヨーカドー石巻あけぼの,宮城県石巻市あけぼの１－１－２,宮城県石巻市あけぼの1-1-2,
イトーヨーカドーアリオ仙台泉,宮城県仙台市泉区泉中央１－５－１,宮城県仙台市泉区泉中央1-5-1,
モーリーファンタジー塩釜,宮城県塩釜市海岸通１５番１００号マックスバリュ２Ｆ,宮城県塩釜市海岸通15-100,マックスバリュ2F
モーリーファンタジー加美,宮城県加美郡加美町字赤塚１７８番地ＳｕＣ１Ｆ,宮城県加美郡加美町字赤塚178,SuC1F
モーリーファンタジー気仙沼,宮城県気仙沼市字赤岩舘下６－１外イオン２Ｆ,宮城県気仙沼市字赤岩舘下6-1,外イオン2F
モーリーファンタジー栗原志波姫,宮城県栗原市志波姫新熊谷１１番ＳｕＣ１Ｆ,宮城県栗原市志波姫新熊谷11,SuC1F
モーリーファンタジー古川,宮城県大崎市古川旭二丁目２－１ イオン２Ｆ,宮城県大崎市古川旭2-2-1,イオン2F
モーリーファンタジー新名取,宮城県名取市杜せきのした５丁目３番地の１イオン３Ｆ,宮城県名取市杜せきのした5-3-1,イオン3F
モーリーファンタジー石巻,宮城県石巻市茜平４－１０４番地イオン２Ｆ,宮城県石巻市茜平4-104,イオン2F
モーリーファンタジー石巻東,宮城県石巻市流留字七勺１番１ＳｕＣ１Ｆ,宮城県石巻市流留字七勺1-1,SuC1F
モーリーファンタジー仙台中山,宮城県仙台市泉区南中山１－３５－４０イオン３Ｆ,宮城県仙台市泉区南中山1-35-40,イオン3F
モーリーファンタジー多賀城,宮城県多賀城市町前４－１－１イオン３Ｆ,宮城県多賀城市町前4-1-1,イオン3F
モーリーファンタジー富谷,宮城県黒川郡富谷町大清水１ー３３－１イオン１Ｆ,宮城県黒川郡富谷町大清水1-33-1,イオン1F
モーリーファンタジー涌谷,宮城県遠田郡涌谷町字洞ヶ崎５番地ＳｕＣ１Ｆ,宮城県遠田郡涌谷町字洞ヶ崎5,SuC1F
モーリーファンタジー利府,宮城県宮城郡利府町字新屋田前２２イオン２Ｆ,宮城県宮城郡利府町字新屋田前22,イオン2F
イオン仙台幸町,宮城県仙台市宮城野区幸町５－１０－１,宮城県仙台市宮城野区幸町5-10-1,
イオン多賀城,宮城県多賀城市町前４－１－１,宮城県多賀城市町前4-1-1,
イオン気仙沼,宮城県気仙沼市赤岩舘下６－１外,宮城県気仙沼市赤岩舘下6-1,外
イオン仙台中山,宮城県仙台市泉区南中山１－３５－４０,宮城県仙台市泉区南中山1-35-40,
イオン古川,宮城県大崎市古川旭２－２－１,宮城県大崎市古川旭2-2-1,
イオン利府,宮城県宮城郡利府町利府字新屋田前２２,宮城県宮城郡利府町利府字新屋田前22,
イオン石巻,宮城県石巻市蛇田字新金沼１７０,宮城県石巻市蛇田字新金沼170,
イオン富谷,宮城県黒川郡富谷町大清水１－３３－１,宮城県黒川郡富谷町大清水1-33-1,
イオン新名取,宮城県名取市杜せきのした５－３－１,宮城県名取市杜せきのした5-3-1,
トイザらス龍ヶ崎,茨城県龍ケ崎市小柴１－７,茨城県龍ケ崎市小柴1-7,
トイザらス水戸,茨城県水戸市河和田町３６３７－１,茨城県水戸市河和田町3637-1,
ヤマダ電機LABI水戸,茨城県水戸市宮町１－７－３３　,茨城県水戸市宮町1-7-33,
ハローズガーデン江戸崎店,茨城県稲敷市江戸崎甲４８３６番地パンプ江戸崎ショッピングセンター１階,茨城県稲敷市江戸崎甲4836,パンプ江戸崎ショッピングセンター1階
ハローズガーデン竜ヶ崎店,茨城県龍ケ崎市小柴５－１－２ショッピングセンターサプラ２階,茨城県龍ケ崎市小柴5-1-2,ショッピングセンターサプラ2階
ジャングルパーク笠間店,茨城県笠間市赤坂８番地 / 笠間ＳＣポレポレシティ１階　,茨城県笠間市赤坂8,笠間SCポレポレシティ1階
こころっこ日立店,茨城県日立市幸町１－１６－１　イトーヨーカドー日立店５階　プレビプレイランドコーナー　こころっこ,茨城県日立市幸町1-16-1,イトーヨーカドー日立店5階 プレビプレイランドコーナー こころっこ
水戸京成,茨城県水戸市泉町１－６－１ 水戸京成百貨店　７Ｆ,茨城県水戸市泉町1-6-1,水戸京成百貨店 7F
筑波西武,茨城県つくば市吾妻１－７－１ 西武百貨店 筑波店 ４Ｆ,茨城県つくば市吾妻1-7-1,西武百貨店 筑波店 4F
アピタ佐原東,茨城県稲敷市西代１４８０　,茨城県稲敷市西代1480,
イトーヨーカドー古河,茨城県古河市雷電町１－１８,茨城県古河市雷電町1-18,
イトーヨーカドー日立,茨城県日立市幸町１－１６－１,茨城県日立市幸町1-16-1,
イトーヨーカドー竜ヶ崎,茨城県龍ケ崎市小柴５－１－２,茨城県龍ケ崎市小柴5-1-2,
SOYU TOY's NY守谷店,茨城県守谷市百合ヶ丘三丁目２４９番１　イオンタウン守谷２Ｆ,茨城県守谷市百合ヶ丘3-249-1,イオンタウン守谷2F
モーリーファンタジー古河2F,茨城県古河市旭町１－２－１７　イオン２Ｆ,茨城県古河市旭町1-2-17,イオン2F
モーリーファンタジー佐原東,茨城県稲敷市西代１４９５パルナ２Ｆ,茨城県稲敷市西代1495,パルナ2F
ビックカメラ水戸店4Fトイズコーナー,茨城県水戸市宮町１－７－３１　エクセルみなみ４Ｆ・５Ｆ,茨城県水戸市宮町1-7-31,エクセルみなみ4F・5F
イオン下市,茨城県水戸市柳町２－１１－６,茨城県水戸市柳町2-11-6,
イオン鹿嶋,茨城県鹿嶋市宮中２９０－１,茨城県鹿嶋市宮中290-1,
イオン高萩,茨城県高萩市安良川２３１－１,茨城県高萩市安良川231-1,
イオンつくば,茨城県つくば市稲岡６６－１,茨城県つくば市稲岡66-1,
イオン下妻,茨城県下妻市堀篭９７２－１,茨城県下妻市堀篭972-1,
イオン土浦,茨城県土浦市上高津３６７,茨城県土浦市上高津367,
トイザらス宇都宮,栃木県宇都宮市鶴田町２０８－１,栃木県宇都宮市鶴田町208-1,
トイザらス佐野,栃木県佐野市高萩町１３２４－１ イオン佐野新都市ショッピングセンター２Ｆ,栃木県佐野市高萩町1324-1,イオン佐野新都市ショッピングセンター2F
JOYFUL-2宇都宮,栃木県河内郡上三川町磯岡４２１－１,栃木県河内郡上三川町磯岡421-1,
ザ・ビッグエクストラ真岡,栃木県真岡市台町２６６８,栃木県真岡市台町2668,
ザ・ビッグエクストラさくら,栃木県さくら市桜野 １５５１,栃木県さくら市桜野1551,
セガワールド宇都宮,栃木県宇都宮市東宿郷５－１－７,栃木県宇都宮市東宿郷5-1-7,
ヨドバシカメラ宇都宮,栃木県宇都宮市駅前通り１－４－６ 宇都宮西口ビル７Ｆ,栃木県宇都宮市駅前通り1-4-6,宇都宮西口ビル7F
ジャンボリー御幸ケ原店,栃木県宇都宮市御幸が原５０－１ ヨークベニマル御幸が原店内プレビプレイランドコーナージャンボリー,栃木県宇都宮市御幸が原50-1,ヨークベニマル御幸が原店内プレビプレイランドコーナージャンボリー
テクモピアパルテノン宇都宮店,栃木県宇都宮市今泉町２３７福田屋ショッピングプラザ宇都宮店２Ｆ,栃木県宇都宮市今泉町237,福田屋ショッピングプラザ宇都宮店2F
テクモピア鹿沼店,栃木県鹿沼市東末広町１０７３福田屋鹿沼店３階,栃木県鹿沼市東末広町1073,福田屋鹿沼店3階
アピタ足利,栃木県足利市朝倉町２４５,栃木県足利市朝倉町245,
アピタ宇都宮,栃木県宇都宮市江曽島本町２２－７,栃木県宇都宮市江曽島本町22-7,
福田屋百貨店 宇都宮店,栃木県宇都宮市今泉町２３７番地２Ｆ,栃木県宇都宮市今泉町237,2F
タイトーステーション 宇都宮ベルモール店,栃木県宇都宮市陽東６丁目２－１,栃木県宇都宮市陽東6-2-1,
イトーヨーカドー小山,栃木県小山市駅東通り２－３－１５,栃木県小山市駅東通り2-3-15,
イトーヨーカドー宇都宮,栃木県宇都宮市陽東６－２－１,栃木県宇都宮市陽東6-2-1,
アピナ小山店,栃木県小山市駅南町４－２７－１８,栃木県小山市駅南町4-27-18,
モーリーファンタジー佐野新都市,栃木県佐野市高萩町１３２４－１イオン２Ｆ,栃木県佐野市高萩町1324-1,イオン2F
モーリーファンタジー小山,栃木県小山市中久喜１４６７－１イオン２Ｆ,栃木県小山市中久喜1467-1,イオン2F
モーリーファンタジー栃木,栃木県栃木市箱森町３７番９号イオン２Ｆ,栃木県栃木市箱森町37-9,イオン2F
モーリーファンタジー那須塩原,栃木県那須塩原市島方４５５ イオンタウン１Ｆ,栃木県那須塩原市島方455,イオンタウン1F
パロ石橋,栃木県下野市下古山３３６２－１ヨークタウン,栃木県下野市下古山3362-1,ヨークタウン
らんらんらんど宇都宮,栃木県宇都宮市睦町５－５ スーパーセンタートライアル宇都宮店１Ｆ,栃木県宇都宮市睦町5-5,スーパーセンタートライアル宇都宮店1F
トイザらス太田,群馬県太田市飯塚町１９３３－２,群馬県太田市飯塚町1933-2,
トイザらス前橋,群馬県前橋市鳥羽町１６４－１,群馬県前橋市鳥羽町164-1,
トイザらス伊勢崎,群馬県伊勢崎市連取町３０２５－２,群馬県伊勢崎市連取町3025-2,
ヤマダ電機LABI高崎,群馬県高崎市栄町１番１号,群馬県高崎市栄町1-1,
ヤマダ電機PC&マルチメディア館前橋本店,群馬県前橋市日吉町４－１４－１３,群馬県前橋市日吉町4-14-13,
あそびの広場SORA島前橋,群馬県前橋市国領町２－１４－１前橋リリカ２Ｆ,群馬県前橋市国領町2-14-1,前橋リリカ2F
宝島 大間々,群馬県みどり市大間々町大間々４０番地さくらもーる２Ｆ,群馬県みどり市大間々町大間々40,さくらもーる2F
セガワールド館林,群馬県館林市小桑原町９４９－１,群馬県館林市小桑原町949-1,
ハローズガーデン前橋店,群馬県前橋市文京町２－１－１ アピタけやきウォーク前橋店２階,群馬県前橋市文京町2-1-1,アピタけやきウォーク前橋店2階
こころっこ新田店,群馬県太田市新田市野井町５９２－１３ ニコモール新田店内プレビプレイランドコーナーこころっこ,群馬県太田市新田市野井町592-13,ニコモール新田店内プレビプレイランドコーナーこころっこ
プレビ劇場ISESAKI,群馬県伊勢崎市西小保方町３６８ スマーク伊勢崎店内３階,群馬県伊勢崎市西小保方町368,スマーク伊勢崎店内3階
ピアゴ藤岡,群馬県藤岡市藤岡４１６－４,群馬県藤岡市藤岡416-4,
アピタ前橋,群馬県前橋市文京町２－１－１,群馬県前橋市文京町2-1-1,
アピタ館林,群馬県館林市楠町３６４８－１,群馬県館林市楠町3648-1,
アピタ笠懸,群馬県みどり市笠懸町阿佐美１２８５－１,群馬県みどり市笠懸町阿佐美1285-1,
アピタ伊勢崎東,群馬県伊勢崎市三室町５３３０,群馬県伊勢崎市三室町5330,
ビリーザキッド伊勢崎店,群馬県伊勢崎市西小保方町３６８ スマーク伊勢崎３Ｆ３３０区画,群馬県伊勢崎市西小保方町368,スマーク伊勢崎3F330区画
イトーヨーカドー藤岡,群馬県藤岡市藤岡８３１,群馬県藤岡市藤岡831,
イトーヨーカドー伊勢崎,群馬県伊勢崎市連取町１５０７,群馬県伊勢崎市連取町1507,
アピナ太田店,群馬県太田市内ヶ島町９０７－１,群馬県太田市内ヶ島町907-1,
モーリーファンタジーミスターマックス伊勢崎,群馬県伊勢崎市宮子町３５５６番地１ ミスターマックス１Ｆ,群馬県伊勢崎市宮子町3556-1,ミスターマックス1F
モーリーファンタジー太田,群馬県太田市石原町８１番地イオン２Ｆ,群馬県太田市石原町81,イオン2F
らんらんらんどガーデン前橋,群馬県前橋市小屋原町４７２－１ガーデン前橋１Ｆ,群馬県前橋市小屋原町472-1,ガーデン前橋1F
イオン高崎,群馬県高崎市棟高町１４００,群馬県高崎市棟高町1400,
イオン太田(群馬),群馬県太田市石原町８１,群馬県太田市石原町81,
ペリカン行橋,福岡県行橋市西宮市３丁目８－１/ゆめタウン行橋内２Ｆ,福岡県行橋市西宮市3-8-1,ゆめタウン行橋内2F
ペリカン筑紫野,福岡県筑紫野市針摺東３丁目３－１/ゆめタウン筑紫野内２Ｆ,福岡県筑紫野市針摺東3-3-1,ゆめタウン筑紫野内2F
トイザらス小倉,福岡県北九州市小倉南区下曽根新町１０－１/ザ・モール小倉２Ｆ,福岡県北九州市小倉南区下曽根新町10-1,ザ・モール小倉2F
トイザらス福岡ホークスタウン,福岡県福岡市中央区地行浜２－２－１/ホークスタウン１Ｆ,福岡県福岡市中央区地行浜2-2-1,ホークスタウン1F
トイザらス久留米,福岡県久留米市新合川１ ３－３０,福岡県久留米市新合川1,3ー30
トイザらス福岡香椎,福岡県福岡市東区香椎浜３ １２－１,福岡県福岡市東区香椎浜3,12ー1
トイザらス八幡,福岡県北九州市八幡東区東田３－２－１０２/イオンモール八幡東１Ｆ,福岡県北九州市八幡東区東田3-2-102,イオンモール八幡東1F
ヤマダ電機テックランド福岡志免本店,福岡県糟屋郡志免町南里五丁目２－１,福岡県糟屋郡志免町南里5-2-1,
ヨドバシカメラ博多,福岡県福岡市博多区博多駅中央街６－１２/２階玩具フロア,福岡県福岡市博多区博多駅中央街6-122,階玩具フロア
西友ザ・モール春日,福岡県春日市春日５－１７,福岡県春日市春日5-17,
ダイエーショッパーズモールなかま,福岡県中間市上蓮花寺１－１－１,福岡県中間市上蓮花寺1-1-1,
ダイエー福重,福岡県福岡市西区拾六町１－７－１,福岡県福岡市西区拾六町1-7-1,
ダイエー笹丘,福岡県福岡市中央区笹丘１－２８－７４,福岡県福岡市中央区笹丘1-28-74,
イオン香椎浜,福岡県福岡市東区香椎浜３－１２－１,福岡県福岡市東区香椎浜3-12-1,
イオン福岡伊都,福岡県福岡市西区徳永 １-１３－１,福岡県福岡市西区徳永1-13-1,
イオン原,福岡県福岡市早良区原６－２７－５２,福岡県福岡市早良区原6-27-52,
イオン徳力,福岡県北九州市小倉南区守恒２－８－８,福岡県北九州市小倉南区守恒2-8-8,
イオンスーパーセンター岡垣,福岡県遠賀郡岡垣町大字黒山３３８－１,福岡県遠賀郡岡垣町大字黒山338-1,
イオンスーパーセンター古賀,福岡県古賀市舞の里３－１４－１２,福岡県古賀市舞の里3-14-12,
イオン若松,福岡県北九州市若松区二島１－３－１,福岡県北九州市若松区二島1-3-1,
イオン直方,福岡県直方市湯野原２－１－１,福岡県直方市湯野原2-1-1,
イオン戸畑,福岡県北九州市戸畑区汐井町２－２,福岡県北九州市戸畑区汐井町2-2,
イオン甘木,福岡県朝倉市甘木３８０番地,福岡県朝倉市甘木380,
イオン筑紫野,福岡県筑紫野市立明寺４３４－１,福岡県筑紫野市立明寺434-1,
イオン大野城,福岡県大野城市錦町４－１－１,福岡県大野城市錦町4-1-1,
SEGAARENA中間,福岡県中間市上蓮花寺３－１－１,福岡県中間市上蓮花寺3-1-1,
アミパラフォレオ博多店,福岡県福岡市博多区東那珂１丁目１４－４６フォレオ博多２Ｆ,福岡県福岡市博多区東那珂1-14-46,フォレオ博多2F
ABCパレード博多店,福岡県福岡市東区東浜１－１－１ゆめタウン２Ｆ,福岡県福岡市東区東浜1-1-1,ゆめタウン2F
プラサカプコン直方,福岡県直方市湯野原２－１－１イオンモール直方２Ｆ,福岡県直方市湯野原2-1-1,イオンモール直方2F
タイトーステーション マリノア店,福岡県福岡市西区小戸２－１２－３０/マリノアシティ福岡マリナサイド棟２Ｆ,福岡県福岡市西区小戸2-12-30,マリノアシティ福岡マリナサイド棟2F
タイトーステーション ヨドバシ博多店,福岡県福岡市博多区博多駅中央街６ー１２,福岡県福岡市博多区博多駅中央街6-12,
タイトーステーション 福岡天神店,福岡県福岡市中央区天神２ー６ー３５サザンクロスビル,福岡県福岡市中央区天神2-6-35,サザンクロスビル
小倉コロナワールド,福岡県北九州市小倉北区西港町２７－５,福岡県北九州市小倉北区西港町27-5,
モーリーファンタジー原,福岡県福岡市早良区原６丁目２７番８号 イオン３Ｆ,福岡県福岡市早良区原6-27-8,イオン3F
モーリーファンタジー香椎浜,福岡県福岡市東区香椎浜３－１２－１イオンモール２Ｆ,福岡県福岡市東区香椎浜3-12-1,イオンモール2F
モーリーファンタジー若松,福岡県北九州市若松区二島１－３－１イオン２Ｆ,福岡県北九州市若松区二島1-3-1,イオン2F
モーリーファンタジー大牟田,福岡県大牟田市岬町３－４イオン２Ｆ,福岡県大牟田市岬町3-4,イオン2F
モーリーファンタジー大野城,福岡県大野城市錦町４－１－１イオン３Ｆ,福岡県大野城市錦町4-1-1,イオン3F
モーリーファンタジー筑紫野,福岡県筑紫野市大字立明寺４３４－１イオン３Ｆ,福岡県筑紫野市大字立明寺434-1,イオン3F
モーリーファンタジー直方,福岡県直方市湯野原２丁目１番１号イオン２Ｆ,福岡県直方市湯野原2-1-1,イオン2F
モーリーファンタジー徳力,福岡県北九州市小倉南区守恒２－８－８イオン２Ｆ,福岡県北九州市小倉南区守恒2-8-8,イオン2F
モーリーファンタジー八幡東,福岡県北九州市八幡東区東田３丁目２－１０２イオン３Ｆ,福岡県北九州市八幡東区東田3-2-102,イオン3F
モーリーファンタジー福津,福岡県福津市７９３番地イオン２Ｆ,福岡県福津市793,イオン2F
らんらんらんど笹丘,福岡県福岡市中央区笹丘１－２８－７４ ダイエー笹丘店Ｂ１Ｆ,福岡県福岡市中央区笹丘1-28-74,ダイエー笹丘店B1F
らんらんらんど水巻,福岡県遠賀郡水巻町樋口３－１０ダイエー水巻店１Ｆ,福岡県遠賀郡水巻町樋口3-10,ダイエー水巻店1F
らんらんらんど田川,福岡県田川市大字伊田４６１６トライアル田川店１Ｆ,福岡県田川市大字伊田4616,トライアル田川店1F
らんらんらんど飯塚,福岡県飯塚市大字徳前１－４トライアル飯塚店１Ｆ,福岡県飯塚市大字徳前1-4,トライアル飯塚店1F
プリズムストーン福岡,福岡県福岡市中央区天神2-5-35 岩田屋本店 本館6F,福岡県福岡市中央区天神2-5-35,岩田屋本店 本館6F
THE 3RD PLANET イオンタウン黒崎,"イオンタウン黒崎,福岡県北九州市八幡西区西曲里町3-1","イオンタウン黒崎,福岡県北九州市八幡西区西曲里町3-1",
ペリカン武雄,佐賀県武雄市武雄町大字武雄４９９２/ゆめタウン武雄内２Ｆ,佐賀県武雄市武雄町大字武雄4992,ゆめタウン武雄内2F
イオン佐賀大和,佐賀県佐賀市大和町大字尼寺３５３５番,佐賀県佐賀市大和町大字尼寺3535,
イオン上峰,佐賀県三養基郡上峰町大字坊所１５５１－１,佐賀県三養基郡上峰町大字坊所1551-1,
モーリーファンタジー佐賀大和,佐賀県佐賀市大和町大字尼寺３５３５番地イオンモール２Ｆ,佐賀県佐賀市大和町大字尼寺3535,イオンモール2F
イオン佐世保,長崎県佐世保市島瀬町１０－９,長崎県佐世保市島瀬町10-9,
イオン時津,長崎県西彼杵郡時津町浜田郷７５１－５,長崎県西彼杵郡時津町浜田郷751-5,
イオン大村,長崎県大村市幸町２５－２００,長崎県大村市幸町25-200,
イオン大塔,長崎県佐世保市大塔町１４－２,長崎県佐世保市大塔町14-2,
イオン東長崎,長崎県長崎市田中町１０２７－８,長崎県長崎市田中町1027-8,
イオン有家,長崎県南島原市有家町山川１３５－１,長崎県南島原市有家町山川135-1,
セガワールド長崎ココウォーク,長崎県長崎市茂里町１番５５号みらい長崎ココウォーク５階,長崎県長崎市茂里町1-55,みらい長崎ココウォーク5階
ぴのきお,長崎県北松浦郡佐々町本田原免７３－３マックスバリュー佐々店２Ｆ,長崎県北松浦郡佐々町本田原免73-3,マックスバリュー佐々店2F
モーリーファンタジー時津,長崎県西彼杵郡時津町浜田郷７５１－５イオン２Ｆ,長崎県西彼杵郡時津町浜田郷751-5,イオン2F
モーリーファンタジー大村,長崎県大村市幸町２５－２００イオン２Ｆ,長崎県大村市幸町25-200,イオン2F
モーリーファンタジー大塔,長崎県佐世保市大塔町１４－２イオン３Ｆ,長崎県佐世保市大塔町14-2,イオン3F
モーリーファンタジー東長崎,長崎県長崎市田中町１０２７－８イオン２Ｆ,長崎県長崎市田中町1027-8,イオン2F
モーリーファンタジー有家,長崎県南島原市有家町山川１３５－１イオン１Ｆ,長崎県南島原市有家町山川135-1,イオン1F
ミスターマックス長崎,長崎県長崎市岩見町２６－１,長崎県長崎市岩見町26-1,
トイザらス厚木,神奈川県厚木市妻田東３－２５－２４,神奈川県厚木市妻田東3-25-24,
トイザらス秦野,神奈川県秦野市曽屋４７８４,神奈川県秦野市曽屋4784,
トイザらス東戸塚,神奈川県横浜市戸塚区川上町８７－８東戸塚西口プラザ２Ｆ,神奈川県横浜市戸塚区川上町87-8,東戸塚西口プラザ2F
トイザらス川崎高津,神奈川県川崎市高津区溝口６－１１－１,神奈川県川崎市高津区溝口6-11-1,
トイザらス港北ニュータウン,神奈川県横浜市都筑区茅ケ崎中央１４－１２キーサウス２Ｆ,神奈川県横浜市都筑区茅ケ崎中央14-12,キーサウス2F
トイザらス藤沢,神奈川県藤沢市辻堂新町４－１－１湘南モールフィル２Ｆ,神奈川県藤沢市辻堂新町4-1-1,湘南モールフィル2F
ヤマダ電機LABI上大岡,神奈川県横浜市港南区上大岡西１－１８－５,神奈川県横浜市港南区上大岡西1-18-5,
ヤマダ電機LABI大船,神奈川県横浜市栄区笠間２－２－１,神奈川県横浜市栄区笠間2-2-1,
ヤマダ電機テックランド戸塚,神奈川県横浜市戸塚区汲沢二丁目１－７,神奈川県横浜市戸塚区汲沢2-1-7,
西友LIVINよこすか,神奈川県横須賀市平成町３－２１－４,神奈川県横須賀市平成町3-21-4,
西友平塚,神奈川県平塚市東中原１－１－２５,神奈川県平塚市東中原1-1-25,
西友武蔵新城,神奈川県川崎市中原区上新城２－１２－１,神奈川県川崎市中原区上新城2-12-1,
マルエツさがみ野,神奈川県海老名市東柏ヶ谷５－１４－６,神奈川県海老名市東柏ヶ谷5-14-6,
キデイランド港北ニュータウン,神奈川県横浜市都筑区茅ヶ崎中央５－１ 港北東急ショッピングセンター２Ｆ,神奈川県横浜市都筑区茅ヶ崎中央5-1,港北東急ショッピングセンター2F
ダイエー戸塚,神奈川県横浜市戸塚区吉田町８８４,神奈川県横浜市戸塚区吉田町884,
ダイエー三ツ境,神奈川県横浜市瀬谷区三ッ境７－１,神奈川県横浜市瀬谷区三ッ境7-1,
ダイエー東戸塚,神奈川県横浜市戸塚区品濃町５３５－１,神奈川県横浜市戸塚区品濃町535-1,
レジャーランド厚木,神奈川県厚木市戸室５丁目３１－１,神奈川県厚木市戸室5-31-1,
セガワールド古淵,神奈川県相模原市南区古淵３－１３－３３イトーヨーカドー３Ｆ,神奈川県相模原市南区古淵3-13-33,イトーヨーカドー3F
CLUBSEGA綱島,神奈川県横浜市港北区綱島西２－６－２９城田ビル３Ｆ,神奈川県横浜市港北区綱島西2-6-29,城田ビル3F
セガワールドなっつべりぃ,神奈川県川崎市川崎区港町１２－１イトーヨーカドー川崎港町店２Ｆ,神奈川県川崎市川崎区港町12-1,イトーヨーカドー川崎港町店2F
セガワールドトレッサ横浜,神奈川県横浜市港北区師岡町７００番地 トレッサ横浜南棟１Ｆ,神奈川県横浜市港北区師岡町700,トレッサ横浜南棟1F
NICOPA横浜四季の森フォレオ店,神奈川県横浜市旭区上白根３丁目４１番１号,神奈川県横浜市旭区上白根3-41-1,
ニコパニトリモール相模原店,神奈川県相模原市南区大野台６－１－１ニトリモール相模原３Ｆ,神奈川県相模原市南区大野台6-1-1,ニトリモール相模原3F
ハローズガーデン綾瀬店,神奈川県綾瀬市深谷３７３４－１綾瀬タウンヒルズショッピングセンター２階,神奈川県綾瀬市深谷3734-1,綾瀬タウンヒルズショッピングセンター2階
ファンタスティックジャーニー横浜店,神奈川県横浜市都筑区池辺町４０３５－１ イトーヨーカドーららぽーと横浜店２階,神奈川県横浜市都筑区池辺町4035-1,イトーヨーカドーららぽーと横浜店2階
アドアーズ橋本店,神奈川県相模原市緑区橋本３－３－１ ＳＩＮＧ橋本２Ｆ,神奈川県相模原市緑区橋本3-3-1,SING橋本2F
ハーティーあさひや,神奈川県小田原市栄町２－９－３３アプリ４階,神奈川県小田原市栄町2-9-33,アプリ4階
Forkids'+bトレッサ横浜,神奈川県横浜市港北区師岡町７００番地 トレッサ横浜南棟３Ｆ,神奈川県横浜市港北区師岡町700,トレッサ横浜南棟3F
ピアゴ中山,神奈川県横浜市緑区台村町２３１－１,神奈川県横浜市緑区台村町231-1,
ピアゴ大口,神奈川県横浜市神奈川区神之木町２－３０,神奈川県横浜市神奈川区神之木町2-30,
アピタ日吉,神奈川県横浜市港北区箕輪町２－７－５,神奈川県横浜市港北区箕輪町2-7-5,
アピタ長津田,神奈川県横浜市緑区長津田みなみ台４丁目７－１,神奈川県横浜市緑区長津田みなみ台4-7-1,
サガミ堂,神奈川県相模原市陽光台３－６－７,神奈川県相模原市陽光台3-6-7,
タイトーステーション 海老名ビナウォーク店,神奈川県海老名市中央１ー１８－１,神奈川県海老名市中央1-18-1,
ジョーシン港北インター,神奈川県横浜市都筑区折本町１９１,神奈川県横浜市都筑区折本町191,
イトーヨーカドー相模原,神奈川県相模原市南区松が枝町１７－１,神奈川県相模原市南区松が枝町17-1,
イトーヨーカドー上大岡,神奈川県横浜市港南区上大岡西３－９－１,神奈川県横浜市港南区上大岡西3-9-1,
イトーヨーカドー藤沢,神奈川県藤沢市鵠沼石上１－１０－１,神奈川県藤沢市鵠沼石上1-10-1,
イトーヨーカドー厚木,神奈川県厚木市中町４－１３－１,神奈川県厚木市中町4-13-1,
イトーヨーカドー綱島,神奈川県横浜市港北区綱島西２－８－１,神奈川県横浜市港北区綱島西2-8-1,
イトーヨーカドー武蔵小杉,神奈川県川崎市中原区小杉町３－４２０,神奈川県川崎市中原区小杉町3-420,
イトーヨーカドー新百合ヶ丘,神奈川県川崎市麻生区上麻生１－４－１,神奈川県川崎市麻生区上麻生1-4-1,
イトーヨーカドー鶴見,神奈川県横浜市鶴見区鶴見中央３－１５－３０,神奈川県横浜市鶴見区鶴見中央3-15-30,
イトーヨーカドー川崎港町,神奈川県川崎市川崎区港町１２－１,神奈川県川崎市川崎区港町12-1,
イトーヨーカドー能見台,神奈川県横浜市金沢区能見台東３－１,神奈川県横浜市金沢区能見台東3-1,
イトーヨーカドーたまプラーザ,神奈川県横浜市青葉区美しが丘１－６－１,神奈川県横浜市青葉区美しが丘1-6-1,
イトーヨーカドー大船,神奈川県鎌倉市大船６－１－１,神奈川県鎌倉市大船6-1-1,
イトーヨーカドー伊勢原,神奈川県伊勢原市桜台１－８－１,神奈川県伊勢原市桜台1-8-1,
イトーヨーカドー溝ノ口,神奈川県川崎市高津区久本３－６－２０,神奈川県川崎市高津区久本3-6-20,
イトーヨーカドー古淵,神奈川県相模原市古淵３－１３－３３,神奈川県相模原市古淵3-13-33,
イトーヨーカドー横浜別所,神奈川県横浜市南区別所１－１４－１,神奈川県横浜市南区別所1-14-1,
イトーヨーカドー川崎,神奈川県川崎市川崎区小田栄２－２－１,神奈川県川崎市川崎区小田栄2-2-1,
イトーヨーカドー大和鶴間,神奈川県大和市下鶴間１－３－１,神奈川県大和市下鶴間1-3-1,
イトーヨーカドー湘南台,神奈川県藤沢市石川６－２－１,神奈川県藤沢市石川6-2-1,
イトーヨーカドー立場,神奈川県横浜市泉区中田西１－１－１５,神奈川県横浜市泉区中田西1-1-15,
イトーヨーカドーららぽーと横浜,神奈川県横浜市都筑区池辺町４０３５－１,神奈川県横浜市都筑区池辺町4035-1,
イトーヨーカドーアリオ橋本,神奈川県相模原市緑区大山町１ー２２,神奈川県相模原市緑区大山町1-22,
プレイランド大和鶴間店,神奈川県大和市下鶴間一丁目３－１イトーヨーカドー大和鶴間店３Ｆ,神奈川県大和市下鶴間1-3-1,イトーヨーカドー大和鶴間店3F
プレイランド川崎店,神奈川県川崎市川崎区小田栄二丁目２－１イトーヨーカドー川崎店３Ｆ,神奈川県川崎市川崎区小田栄2-2-1,イトーヨーカドー川崎店3F
SOYU Game Field湘南店,神奈川県藤沢市辻堂新町四丁目１番１号 湘南モールＦＩＬＬ２Ｆ,神奈川県藤沢市辻堂新町4-1-1,湘南モールFILL2F
アピナ橋本店,神奈川県相模原市緑区西橋本５－１－１ラ・フロール駐車場棟１階,神奈川県相模原市緑区西橋本5-1-1,ラ・フロール駐車場棟1階
モーリーファンタジー横浜新吉田,神奈川県横浜市港北区新吉田東八丁目４９番１号イオン２Ｆ,神奈川県横浜市港北区新吉田東8-49-1,イオン2F
モーリーファンタジー茅ヶ崎,神奈川県茅ヶ崎市茅ヶ崎２－７－７１イオン２Ｆ,神奈川県茅ヶ崎市茅ヶ崎2-7-71,イオン2F
モーリーファンタジー秦野,神奈川県秦野市入船町１２－１イオン２Ｆ,神奈川県秦野市入船町12-1,イオン2F
らんらんらんど相模原小山,神奈川県相模原市中央区小山３－３７－１相模原モール２階,神奈川県相模原市中央区小山3-37-1,相模原モール2階
モーリーファンタジー大和鶴間,神奈川県大和市下鶴間一丁目２番１号イオン３Ｆ,神奈川県大和市下鶴間1-2-1,イオン3F
モーリーファンタジー本牧,神奈川県横浜市中区本牧原７－１イオン５Ｆ,神奈川県横浜市中区本牧原7-1,イオン5F
らんらんらんどサクラス戸塚,神奈川県横浜市戸塚区戸塚町４２５３－１ サクラス戸塚店２Ｆ,神奈川県横浜市戸塚区戸塚町4253-1,サクラス戸塚店2F
らんらんらんどルララ港北,神奈川県横浜市都筑区中川中央２－２－１ルララこうほく４Ｆ,神奈川県横浜市都筑区中川中央2-2-1,ルララこうほく4F
らんらんらんど戸塚,神奈川県横浜市戸塚区吉田町８８４ダイエー戸塚店３Ｆ,神奈川県横浜市戸塚区吉田町884,ダイエー戸塚店3F
らんらんらんど上溝,神奈川県相模原市中央区上溝５－１４－１９ ダイエー上溝店４Ｆ,神奈川県相模原市中央区上溝5-14-19,ダイエー上溝店4F
らんらんらんど相模原,神奈川県相模原市中央区相模原３－９－２１ダイエー相模原店４Ｆ,神奈川県相模原市中央区相模原3-9-21,ダイエー相模原店4F
プリズムストーン横浜,神奈川県横浜市西区 みなとみらい2-2-1-2  横浜ランドマークプラザ4F,神奈川県横浜市西区 みなとみらい2-2-1-2,横浜ランドマークプラザ4F
ビックカメラ相模大野駅店,神奈川県相模原市南区相模大野３－８－１相模大野ステーションスクエアＢ館６Ｆ,神奈川県相模原市南区相模大野3-8-1,相模大野ステーションスクエアB館6F
イオン橋本,神奈川県相模原市緑区橋本６－２－１,神奈川県相模原市緑区橋本6-2-1,
イオン相模原,神奈川県相模原市南区古淵２－１０－１,神奈川県相模原市南区古淵2-10-1,
イオン本牧,神奈川県横浜市中区本牧原７－１,神奈川県横浜市中区本牧原7-1,
イオンつきみ野,神奈川県大和市つきみ野１－６－１,神奈川県大和市つきみ野1-6-1,
イオン大和鶴間,神奈川県大和市下鶴間１－２－１,神奈川県大和市下鶴間1-2-1,
イオン茅ヶ崎中央,神奈川県茅ヶ崎市茅ヶ崎３－５－１６,神奈川県茅ヶ崎市茅ヶ崎3-5-16,
イオン秦野,神奈川県秦野市入船町１２－１,神奈川県秦野市入船町12-1,
イオン茅ヶ崎,神奈川県茅ヶ崎市茅ヶ崎２－７－７１,神奈川県茅ヶ崎市茅ヶ崎2-7-71,
イオン厚木,神奈川県厚木市中町１－５－１０,神奈川県厚木市中町1-5-10,
ミスターマックス湘南藤沢,神奈川県藤沢市辻堂新町４－３－５,神奈川県藤沢市辻堂新町4-3-5,
アル・プラザ茨木,大阪府茨木市上郡２－１２－８,大阪府茨木市上郡2-12-8,
アル・プラザ香里園,大阪府寝屋川市日新町５－５,大阪府寝屋川市日新町5-5,
アル・プラザ枚方,大阪府枚方市津田元町１－４－１,大阪府枚方市津田元町1-4-1,
ペリカン若江岩田,大阪府東大阪市瓜生堂１－１０－５２ イズミヤ内２Ｆ,大阪府東大阪市瓜生堂1-10-52,イズミヤ内2F
ペリカン千里丘,大阪府吹田市山田南１－１ イズミヤ内２Ｆ,大阪府吹田市山田南1-1,イズミヤ内2F
ペリカン和泉中央,大阪府和泉市いぶき野５丁目１番１１号 エコールいずみ店内２Ｆ,大阪府和泉市いぶき野5-1-11,エコールいずみ店内2F
トイザらス堺,大阪府堺市北区長曽根町１９２１,大阪府堺市北区長曽根町1921,
トイザらス住之江公園,大阪府大阪市住之江区南加賀屋２－３－２３,大阪府大阪市住之江区南加賀屋2-3-23,
トイザらス貝塚,大阪府貝塚市石才２１７,大阪府貝塚市石才217,
トイザらス香里園,大阪府寝屋川市日新町５－５ アル・プラザ香里園３Ｆ,大阪府寝屋川市日新町5-5,アル・プラザ香里園3F
トイザらス藤井寺,大阪府藤井寺市岡２－８－４１ソリヤ２Ｆ,大阪府藤井寺市岡2-8-41,ソリヤ2F
トイザらス阪急山田,大阪府吹田市山田西４－１－２,大阪府吹田市山田西4-1-2,
トイザらス大阪鶴見,大阪府大阪市鶴見区鶴見４－１７－１－４１５イオンモール鶴見緑地４Ｆ,大阪府大阪市鶴見区鶴見4-17-1-415,イオンモール鶴見緑地4F
トイザらスなんばパークス,大阪府大阪市浪速区難波中２－１０－７０なんばパークス１Ｆ,大阪府大阪市浪速区難波中2-10-70,なんばパークス1F
ライフ関目,大阪府大阪市城東区関目１－５－３,大阪府大阪市城東区関目1-5-3,
ライフ喜連瓜破,大阪府大阪市平野区喜連西６－２－３４,大阪府大阪市平野区喜連西6-2-34,
ライフ杭全,大阪府大阪市東住吉区杭全５－１１－７,大阪府大阪市東住吉区杭全5-11-7,
ライフ住吉,大阪府大阪市住吉区万代４－１３－３,大阪府大阪市住吉区万代4-13-3,
ライフ新大阪,大阪府大阪市淀川区西三国１－７－４４,大阪府大阪市淀川区西三国1-7-44,
ライフ巽,大阪府大阪市生野区巽中１－２２－２,大阪府大阪市生野区巽中1-22-2,
ライフ長居,大阪府大阪市住吉区長居東３－１－１,大阪府大阪市住吉区長居東3-1-1,
ライフ門真,大阪府門真市島頭３－４－１,大阪府門真市島頭3-4-1,
エディオン豊中,大阪府豊中市日出町２－２－１８,大阪府豊中市日出町2-2-18,
イズミヤ八尾,大阪府八尾市沼１－１,大阪府八尾市沼1-1,
イズミヤ松原,大阪府松原市上田６－４－８,大阪府松原市上田6-4-8,
イズミヤ泉北,大阪府堺市中区小阪２７０,大阪府堺市中区小阪270,
ヤマダ電機LABI1なんば,大阪府大阪市浪速区難波中二丁目１１番３５号 ＡＶソフトコーナー,大阪府大阪市浪速区難波中2-11-35,AVソフトコーナー
ヤマダ電機テックランド高槻大塚本店,大阪府高槻市大塚町５丁目２番６号,大阪府高槻市大塚町5-2-6,
西友八戸の里,大阪府東大阪市下小阪５－２－３５,大阪府東大阪市下小阪5-2-35,
キデイランド大阪梅田,大阪府大阪市北区芝田１－１－３ 阪急三番街,大阪府大阪市北区芝田1-1-3,阪急三ー街
ダイエー曽根,大阪府豊中市曽根東町３－３－１,大阪府豊中市曽根東町3-3-1,
セガ今福,大阪府大阪市城東区今福東１－９－３４,大阪府大阪市城東区今福東1-9-34,
セガあべのキューズモール,大阪府大阪市阿倍野区阿倍野筋１－６－１ あべのマーケットパークキューズモール３階,大阪府大阪市阿倍野区阿倍野筋1-6-1,あべのマーケットパークキューズモール3階
セガビバモール寝屋川,大阪府寝屋川市寝屋南２丁目２２－２ ビバモール寝屋川モール棟２Ｆ,大阪府寝屋川市寝屋南2-22-2,ビバモール寝屋川モール棟2F
AGスクエア東大阪,大阪府東大阪市稲田新町３－９－６４,大阪府東大阪市稲田新町3-9-64,
セガワールド松原,大阪府堺市東区八下町３丁－１０,大阪府堺市東区八下町3,丁ー10
CLUBSEGA藤井寺,大阪府藤井寺市沢田１－２０－８,大阪府藤井寺市沢田1-20-8,
セガワールド和泉,大阪府和泉市肥子町２－４－４１,大阪府和泉市肥子町2-4-41,
ヨドバシカメラ梅田,大阪府大阪市北区大深町１－１５Ｆ,大阪府大阪市北区大深町1-15F,
NICOPA原山台店,大阪府堺市南区原山台５－９－８,大阪府堺市南区原山台5-9-8,
NICOPAベルファ都島店,大阪府大阪市都島区友渕町２－１３－３４,大阪府大阪市都島区友渕町2-13-34,
テクモピア寝屋川店,大阪府寝屋川市緑町５－８イオンモール寝屋川グリーンシティ３階,大阪府寝屋川市緑町5-8,イオンモール寝屋川グリーンシティ3階
レインボーランド若江岩田店,大阪府東大阪市瓜生堂１丁目１０番５２号イズミヤ若江岩田店４階,大阪府東大阪市瓜生堂1-10-52,イズミヤ若江岩田店4階
レインボーランド大東店,大阪府大東市住道２丁目１番１０３号イズミヤ大東店４階,大阪府大東市住道2-1-103,イズミヤ大東店4階
Forkids'あべの,大阪府大阪市阿倍野区阿倍野筋１－１－４３ あべのハルカス近鉄本店ウイング館８Ｆ,大阪府大阪市阿倍野区阿倍野筋1-1-43,あべのハルカス近鉄本店ウイング館8F
高島屋 泉北店,大阪府堺市南区茶山台 １－３－１４Ｆ,大阪府堺市南区茶山台1-3-14F,
タイトーステーション 難波店,大阪府大阪市中央区難波千日前１５－１２,大阪府大阪市中央区難波千日前15-12,
タイトーステーション 大阪日本橋店,大阪府大阪市浪速区日本橋４－９－１４,大阪府大阪市浪速区日本橋4-9-14,
ジョーシン大東,大阪府大東市新田旭町２－８,大阪府大東市新田旭町2-8,
ジョーシン外環柏原,大阪府柏原市本郷５－９６９,大阪府柏原市本郷5-969,
イトーヨーカドー津久野,大阪府堺市西区下田町２０－１,大阪府堺市西区下田町20-1,
イトーヨーカドー東大阪,大阪府東大阪市吉田下島１－１,大阪府東大阪市吉田下島1-1,
イトーヨーカドーアリオ八尾,大阪府八尾市光町２－３,大阪府八尾市光町2-3,
イトーヨーカドーアリオ鳳,大阪府堺市西区鳳南町３－１９９－１２,大阪府堺市西区鳳南町3-199-12,
イトーヨーカドーあべの,大阪府大阪市阿倍野区阿倍野筋１－６－１,大阪府大阪市阿倍野区阿倍野筋1-6-1,
ゲオ八尾店,大阪府八尾市東本町４丁目２番５０号,大阪府八尾市東本町4-2-50,
モーリーファンタジー茨木,大阪府茨木市松ヶ本町８－３０－５ イオンＳＣ４Ｆ,大阪府茨木市松ヶ本町8-30-5,イオンSC4F
モーリーファンタジー貝塚,大阪府貝塚市地蔵堂７４－２イオン２Ｆ,大阪府貝塚市地蔵堂74-2,イオン2F
モーリーファンタジー喜連瓜破駅前,大阪府大阪市平野区瓜破２－１－１３イオン３Ｆ,大阪府大阪市平野区瓜破2-1-13,イオン3F
モーリーファンタジー金剛東,大阪府富田林市向陽台３－１－１ イオン４Ｆ,大阪府富田林市向陽台3-1-1,イオン4F
モーリーファンタジー光明池,大阪府和泉市室堂町８２４－５５イオン２Ｆ,大阪府和泉市室堂町824-55,イオン2F
モーリーファンタジー高槻,大阪府高槻市萩之庄３－４７－２ イオン３Ｆ,大阪府高槻市萩之庄3-47-2,イオン3F
モーリーファンタジー鴻池,大阪府東大阪市鴻池町１－１－７２イオン２Ｆ,大阪府東大阪市鴻池町1-1-72,イオン2F
モーリーファンタジー堺北花田,大阪府堺市北区東浅香山町４－１－１２イオン２Ｆ,大阪府堺市北区東浅香山町4-1-12,イオン2F
モーリーファンタジー新金岡,大阪府堺市北区新金岡町４－１－１１イオン３Ｆ,大阪府堺市北区新金岡町4-1-11,イオン3F
モーリーファンタジー大阪ドームシティ,大阪府大阪市西区千代崎３丁目１３番１イオン３Ｆ,大阪府大阪市西区千代崎3-13-1,イオン3F
モーリーファンタジー大日,大阪府守口市大日東町１番１８号イオン２Ｆ,大阪府守口市大日東町1-18,イオン2F
モーリーファンタジー鶴見,大阪府大阪市鶴見区鶴見４丁目１７－１イオン３Ｆ,大阪府大阪市鶴見区鶴見4-17-1,イオン3F
モーリーファンタジー東岸和田,大阪府岸和田市土生町２－３２－７イオン２Ｆ,大阪府岸和田市土生町2-32-7,イオン2F
モーリーファンタジー東大阪,大阪府東大阪市荒本北２丁目３番２２号イオン１Ｆ,大阪府東大阪市荒本北2-3-22,イオン1F
モーリーファンタジー南千里,大阪府吹田市千里山西６－５６－１イオン４Ｆ,大阪府吹田市千里山西6-56-1,イオン4F
モーリーファンタジー野田阪神,大阪府大阪市福島区海老江１－１－２３ イオン４Ｆ ,大阪府大阪市福島区海老江1-1-23,イオン4F
らんらんらんどおおとり,大阪府堺市西区鳳東町７－７３３ おおとりウィングス２Ｆ,大阪府堺市西区鳳東町7-733,おおとりウィングス2F
らんらんらんど摂津富田,大阪府高槻市大畑町１３－１ダイエー摂津富田店２Ｆ,大阪府高槻市大畑町13-1,ダイエー摂津富田店2F
イオン新茨木,大阪府茨木市中津町１８－１,大阪府茨木市中津町18-1,
イオン箕面,大阪府箕面市西宿１－１５－３０,大阪府箕面市西宿1-15-30,
イオン野田阪神,大阪府大阪市福島区海老江１－１－２３,大阪府大阪市福島区海老江1-1-23,
イオン大日,大阪府守口市大日東町１－１８,大阪府守口市大日東町1-18,
イオン茨木,大阪府茨木市松ヶ本町８－３０－３,大阪府茨木市松ヶ本町8-30-3,
わくわくアミーゴ尾崎店,大阪府阪南市下出１６７－１ オークワわくわくCITY尾崎店２階,大阪府阪南市下出167-1,オークワわくわくCITY尾崎店2階
イオン東大阪,大阪府東大阪市荒本北２－３－２２,大阪府東大阪市荒本北2-3-22,
わくわくアミーゴ北野田店,大阪府堺市東区丈六１８３－１８ダイエー北野田店２Ｆ,大阪府堺市東区丈六183-18,ダイエー北野田店2F
平和堂江南,愛知県江南市上奈良町栄６１－３,愛知県江南市上奈良町栄61-3,
トイザらス名古屋みなと,愛知県名古屋市港区砂美町１－５ ニトリみなとＳＣ２Ｆ,愛知県名古屋市港区砂美町1-5,ニトリみなとSC2F
トイザらス西春日井,愛知県西春日井郡豊山町大字豊場字大山１３９－１７,愛知県西春日井郡豊山町大字豊場字大山139-17,
トイザらス岡崎,愛知県岡崎市大平町字石丸３８,愛知県岡崎市大平町字石丸38,
トイザらス名古屋中川,愛知県名古屋市中川区新家１－２４２１アズパーク２Ｆ,愛知県名古屋市中川区新家1-2421,アズパーク2F
トイザらス三好,愛知県みよし市三好町青木９１,愛知県みよし市三好町青木91,
トイザらス東浦,愛知県知多郡東浦町大字緒川字申新田弐区６７－８イオンモール東浦２Ｆ,愛知県知多郡東浦町大字緒川字申新田弐区67-8,イオンモール東浦2F
ヤマダ電機LABI名古屋,愛知県名古屋市中村区名駅１－２－５,愛知県名古屋市中村区名駅1-2-5,
西友安城,愛知県安城市大東町９－３１,愛知県安城市大東町9-31,
セガ岡崎,愛知県岡崎市上地３丁目５０－４,愛知県岡崎市上地3-50-4,
AGスクエア豊川,愛知県豊川市東名町２－１０１,愛知県豊川市東名町2-101,
ニコパウイングタウン岡崎店,愛知県岡崎市羽根町小豆坂３番地,愛知県岡崎市羽根町小豆坂3,
にこぱなるぱーく店,愛知県名古屋市緑区浦里三丁目２３２なるぱーく１Ｆ,愛知県名古屋市緑区浦里3-232,なるぱーく1F
カラフルパークイオン千種店,愛知県名古屋市千種区千種２－１６－１３ イオン千種ＳＣ２Ｆ,愛知県名古屋市千種区千種2-16-13,イオン千種SC2F
カラフルパークイオン有松店,愛知県名古屋市緑区鳴海町字有松裏２００ イオンタウン有松１Ｆ,愛知県名古屋市緑区鳴海町字有松裏200,イオンタウン有松1F
ハローズガーデン安城南店,愛知県安城市桜井町貝戸尻６０番地アピタ安城南店２階,愛知県安城市桜井町貝戸尻60,アピタ安城南店2階
松坂屋名古屋,愛知県名古屋市中区栄３－１６－１ 松坂屋名古屋本店本館５Ｆ,愛知県名古屋市中区栄3-16-1,松坂屋名古屋本店本館5F
アピタ向山,愛知県豊橋市向山町中畑１番地１,愛知県豊橋市向山町中畑1-1,
ピアゴ豊明,愛知県豊明市三崎町井ノ花５番地の１,愛知県豊明市三崎町井ノ花5-1,
ピアゴ碧南東,愛知県碧南市東浦町６丁目１７番地,愛知県碧南市東浦町6-17,
ピアゴ福釜,愛知県安城市福釜町矢場１６番地５,愛知県安城市福釜町矢場16-5,
ピアゴ武豊,愛知県知多郡武豊町西田崎１９番地の１,愛知県知多郡武豊町西田崎19-1,
ピアゴ菱野,愛知県瀬戸市緑町１丁目１０６番地,愛知県瀬戸市緑町1-106,
ピアゴ中村,愛知県名古屋市中村区大門町２７番地,愛知県名古屋市中村区大門町27,
ピアゴ大和,愛知県一宮市大和町毛受字一本松１９番地,愛知県一宮市大和町毛受字一本松19,
ピアゴ上和田,愛知県岡崎市上和田町字サジ１０,愛知県岡崎市上和田町字サジ10,
ピアゴ香久山,愛知県日進市香久山五丁目１８０１番地,愛知県日進市香久山5-1801,
ピアゴ井ヶ谷,愛知県刈谷市井ヶ谷町下前田３５番地１,愛知県刈谷市井ヶ谷町下前田35-1,
アピタ緑,愛知県名古屋市緑区徳重二丁目２０１番地,愛知県名古屋市緑区徳重2-201,
アピタ木曽川,愛知県一宮市木曽川町黒田八ノ通５１番地の４,愛知県一宮市木曽川町黒田八ノ通51-4,
アピタ鳴海,愛知県名古屋市緑区鳴海町伝治山３番地９,愛知県名古屋市緑区鳴海町伝治山3-9,
アピタ名古屋空,愛知県西春日井郡豊山町大字豊場字林先１番８,愛知県西春日井郡豊山町大字豊場字林先1-8,
アピタ豊田元町,愛知県豊田市土橋町２丁目６５番地,愛知県豊田市土橋町2-65,
アピタ桃花台,愛知県小牧市古雅一丁目１番地,愛知県小牧市古雅1-1,
アピタ東海通,愛知県名古屋市港区港明１丁目１０番２８号,愛知県名古屋市港区港明1-10-28,
アピタ東海荒尾,愛知県東海市荒尾町山王前２０番地,愛知県東海市荒尾町山王前20,
アピタ長久手,愛知県長久手市戸田谷９０１番地１,愛知県長久手市戸田谷901-1,
アピタ知立,愛知県知立市長篠町大山１８番地の１,愛知県知立市長篠町大山18-1,
アピタ大府,愛知県大府市明成町４丁目１３３番地,愛知県大府市明成町4-133,
アピタ大口,愛知県丹羽郡大口町丸２丁目３６番地,愛知県丹羽郡大口町丸2-36,
アピタ千代田橋,愛知県名古屋市千種区千代田橋２丁目１番１号,愛知県名古屋市千種区千代田橋2-1-1,
アピタ瀬戸,愛知県瀬戸市幸町３３番地,愛知県瀬戸市幸町33,
アピタ新守山,愛知県名古屋市守山区新守山２８３０番地,愛知県名古屋市守山区新守山2830,
アピタ小牧,愛知県小牧市堀の内３丁目１５番地,愛知県小牧市堀の内3-15,
アピタ高蔵寺,愛知県春日井市中央台２丁目５番地,愛知県春日井市中央台2-5,
アピタ江南西,愛知県江南市松竹町上野２０５番地,愛知県江南市松竹町上野205,
アピタ刈谷,愛知県刈谷市南桜町２丁目５６番１号,愛知県刈谷市南桜町2-56-1,
アピタ蒲郡,愛知県蒲郡市港町１７番１０号,愛知県蒲郡市港町17-10,
アピタ岡崎北,愛知県岡崎市日名北町４番地４６,愛知県岡崎市日名北町4-46,
アピタ稲沢東,愛知県稲沢市下津穂所１－１－１,愛知県稲沢市下津穂所1-1-1,
アピタ稲沢,愛知県稲沢市天池五反田町１番地,愛知県稲沢市天池五反田町1,
アピタ安城南,愛知県安城市桜井町貝戸尻６０番地,愛知県安城市桜井町貝戸尻60,
アピタ阿久比,愛知県知多郡阿久比町椋岡徳吉１番地１２,愛知県知多郡阿久比町椋岡徳吉1-12,
アピタ名南,愛知県名古屋市南区豊田四丁目９番４７号,愛知県名古屋市南区豊田4-9-47,
プラサカプコン豊田,愛知県豊田市東山町１－５－１グリーンシティ３Ｆ,愛知県豊田市東山町1-5-1,グリーンシティ3F
タイトーステーション 豊橋店,愛知県豊橋市藤沢町１４１－１１Ｆ,愛知県豊橋市藤沢町141-11F,
ファミリ－ランド ドリ－ム,愛知県田原市田原町南新地７６－１,愛知県田原市田原町南新地76-1,
タイトーステーション パールシティ稲沢店,愛知県稲沢市井之口大坪町８０－１パールシティ２Ｆ,愛知県稲沢市井之口大坪町80-1,パールシティ2F
タイトーFステーション ヒルズウォーク徳重ガーデンズ店,愛知県名古屋市緑区鳴海町字徳重１８－４４ ヒルズウォーク徳重ガーデンズ内２階,愛知県名古屋市緑区鳴海町字徳重18-44,ヒルズウォーク徳重ガーデンズ内2階
中川コロナワールド,愛知県名古屋市中川区江松三丁目１１０番地,愛知県名古屋市中川区江松3-110,
安城コロナワールド,愛知県安城市浜富町６－８,愛知県安城市浜富町6-8,
イトーヨーカドー豊橋,愛知県豊橋市藤沢町１４１,愛知県豊橋市藤沢町141,
イトーヨーカドー刈谷,愛知県刈谷市高倉町２ー６０１,愛知県刈谷市高倉町2-601,
イトーヨーカドー犬山,愛知県犬山市天神町１－１,愛知県犬山市天神町1-1,
イトーヨーカドー知多,愛知県知多市新知東町１－１０－１,愛知県知多市新知東町1-10-1,
イトーヨーカドー安城,愛知県安城市住吉町３－１－８,愛知県安城市住吉町3-1-8,
イトーヨーカドー尾張旭,愛知県尾張旭市南原山町石原１１６－４,愛知県尾張旭市南原山町石原116-4,
レイク・リビン津島本店,愛知県津島市大字津島字北新開３５１番地,愛知県津島市大字津島字北新開351,
ヨシヅヤ 師勝店,愛知県北名古屋市鹿田1929,愛知県北名古屋市鹿田1929,
レイク・リビン太平通り店,愛知県名古屋市中川区宮脇町２丁目１１番地,愛知県名古屋市中川区宮脇町2-11,
レイク・リビン名西店,愛知県名古屋市西区名西２丁目３３－８,愛知県名古屋市西区名西2-33-8,
モーリーファンタジー・f新瑞橋,愛知県名古屋市南区菊住１丁目７－１０イオンモール３Ｆ,愛知県名古屋市南区菊住1-7-10,イオンモール3F
モーリーファンタジーナゴヤドーム前,愛知県名古屋市東区矢田南４丁目１０２番地の３イオン３Ｆ,愛知県名古屋市東区矢田南4-102-3,イオン3F
モーリーファンタジー岡崎南,愛知県岡崎市戸崎町字ばら山１－１イオン３Ｆ,愛知県岡崎市戸崎町字ばら山1-1,イオン3F
モーリーファンタジー守山,愛知県名古屋市守山区笹ヶ根３－１２２８イオン２Ｆ,愛知県名古屋市守山区笹ヶ根3-1228,イオン2F
モーリーファンタジー春日井,愛知県春日井市柏井町４－１７イオン４Ｆ,愛知県春日井市柏井町4-17,イオン4F
モーリーファンタジー瀬戸みずの,愛知県瀬戸市みずの坂２丁目２５３番地イオン２Ｆ,愛知県瀬戸市みずの坂2-253,イオン2F
モーリーファンタジー大高,愛知県名古屋市緑区大高町字奥平子１－１イオン３Ｆ,愛知県名古屋市緑区大高町字奥平子1-1,イオン3F
モーリーファンタジー東浦,愛知県知多郡東浦町大字緒川字 申新田二区 ６７－８イオン１Ｆ,愛知県知多郡東浦町大字緒川字 申新田二区67-8,イオン1F
モーリーファンタジー南陽,愛知県名古屋市港区春田野１－３３０イオン３Ｆ,愛知県名古屋市港区春田野1-330,イオン3F
モーリーファンタジー熱田,愛知県名古屋市熱田区六野一丁目２番１１号イオン２Ｆ,愛知県名古屋市熱田区六野1-2-11,イオン2F
モーリーファンタジー半田,愛知県半田市有楽町８－７イオン２Ｆ,愛知県半田市有楽町8-7,イオン2F
モーリーファンタジー扶桑,愛知県丹羽郡扶桑町大字南山名字高塚５－１イオン２Ｆ,愛知県丹羽郡扶桑町大字南山名字高塚5-1,イオン2F
モーリーファンタジー豊橋南,愛知県豊橋市野依町字落合１－１２イオン２Ｆ,愛知県豊橋市野依町字落合1-12,イオン2F
モーリーファンタジー豊川,愛知県豊川市開運通り２－３１イオン２Ｆ,愛知県豊川市開運通り2-31,イオン2F
モーリーファンタジー名古屋みなと,愛知県名古屋市港区品川町２－１－６イオン３Ｆ,愛知県名古屋市港区品川町2-1-6,イオン3F
モーリーファンタジー名古屋茶屋,愛知県名古屋市港区西茶屋２丁目１１イオン３Ｆ,愛知県名古屋市港区西茶屋2-11,イオン3F
らんらんらんどメイトピア,愛知県名古屋市名東区高間町５０１－１ダイエーメイトピア店２Ｆ,愛知県名古屋市名東区高間町501-1,ダイエーメイトピア店2F
らんらんらんど名古屋東,愛知県名古屋市名東区猪子石原２－１７０１ダイエー名古屋東店１Ｆ,愛知県名古屋市名東区猪子石原2-1701,ダイエー名古屋東店1F
プリズムストーン名古屋,愛知県名古屋市中村区名駅1-2-1 名鉄百貨店本店 8F,愛知県名古屋市中村区名駅1-2-1,名鉄百貨店本店 8F
ビックカメラ名古屋駅西店,愛知県名古屋市中村区椿町６－９トイズコーナー,愛知県名古屋市中村区椿町6-9,トイズコーナー
イオン高橋,愛知県豊田市東山町１－５－１,愛知県豊田市東山町1-5-1,
イオン豊田,愛知県豊田市広路町１－１,愛知県豊田市広路町1-1,
イオン小牧,愛知県小牧市東１－１２６,愛知県小牧市東1-126,
イオン扶桑,愛知県丹羽郡扶桑町大字南山名字高塚５－１,愛知県丹羽郡扶桑町大字南山名字高塚5-1,
イオン春日井,愛知県春日井市柏井町４－１７,愛知県春日井市柏井町4-17,
イオン大高,愛知県名古屋市緑区大高町字奥平子１－１,愛知県名古屋市緑区大高町字奥平子1-1,
イオン守山,愛知県名古屋市守山区笹ヶ根３－１２２８,愛知県名古屋市守山区笹ヶ根3-1228,
イオン熱田,愛知県名古屋市熱田区六野１－２－１１,愛知県名古屋市熱田区六野1-2-11,
イオン名古屋みなと,愛知県名古屋市港区品川町２－１－６,愛知県名古屋市港区品川町2-1-6,
イオンナゴヤドーム前,愛知県名古屋市東区矢田南４－１０２－３,愛知県名古屋市東区矢田南4-102-3,
イオンワンダーシティ,愛知県名古屋市西区二方町４０,愛知県名古屋市西区二方町40,
イオン三好,愛知県みよし市三好町青木９１,愛知県みよし市三好町青木91,
イオン岡崎南,愛知県岡崎市戸崎町字ばら山１－１,愛知県岡崎市戸崎町字ばら山1-1,
イオン豊橋南,愛知県豊橋市野依町字落合１－１２,愛知県豊橋市野依町字落合1-12,
イオン東浦,愛知県知多郡東浦町大字緒川字 申新田二区 ６７－８,愛知県知多郡東浦町大字緒川字 申新田二区67-8,
トイザらス秋田,秋田県秋田市卸町１－１３５－１,秋田県秋田市卸町1-135-1,
イオンスーパーセンター(株)五城目,秋田県南秋田郡五城目町大川西野字田屋前１３８　,秋田県南秋田郡五城目町大川西野字田屋前138,
イオンスーパーセンター(株)本荘,秋田県由利本荘市石脇字田中１３８番地　,秋田県由利本荘市石脇字田中138,
イオンスーパーセンター(株)湯沢,秋田県湯沢市字上荻生田１６２　,秋田県湯沢市字上荻生田162,
モーリーファンタジー秋田中央,秋田県秋田市楢山川口境５－１１　　イオン３Ｆ,秋田県秋田市楢山川口境5-11,イオン3F
モーリーファンタジー大曲,秋田県大仙市和合字坪立１７７番地イオン２Ｆ,秋田県大仙市和合字坪立177,イオン2F
モーリーファンタジー中仙,秋田県大仙市北長野字袴田１８８イオン１Ｆ,秋田県大仙市北長野字袴田188,イオン1F
モーリーファンタジー能代,秋田県能代市　柳町１１－１イオン３Ｆ,秋田県能代市 柳町11-1,イオン3F
イオン御所野,秋田県秋田市御所野地蔵田１－１－１,秋田県秋田市御所野地蔵田1-1-1,
イオン大曲,秋田県大仙市和合字坪立１７７,秋田県大仙市和合字坪立177,
メルヘンランド大館店,秋田県大館市御成町３丁目７－５８いとく大館ショッピングセンター３階,秋田県大館市御成町3-7-58,いとく大館ショッピングセンター3階
AN.KIN.TAN五城目店,秋田県南秋田郡五城目町大字大川西野字田屋前１３８　イオンスーパーセンター五城目店内,秋田県南秋田郡五城目町大字大川西野字田屋前138,イオンスーパーセンター五城目店内
リスチャイルド本荘店,秋田県由利本荘市石脇字田中１３８ イオンスーパーセンター本荘店内,秋田県由利本荘市石脇字田中138,イオンスーパーセンター本荘店内
リスチャイルド湯沢店,秋田県湯沢市字上荻生田１６２イオンスーパーセンター湯沢店内,秋田県湯沢市字上荻生田162,イオンスーパーセンター湯沢店内
ビーカム成沢店,山形県山形市成沢西５－３－２７,山形県山形市成沢西5-3-27,
モーリーファンタジー山形南,山形県山形市若宮３－７－８イオン２Ｆ,山形県山形市若宮3-7-8,イオン2F
モーリーファンタジー山形北,山形県山形市馬見ケ崎２－１２－１９イオン２Ｆ,山形県山形市馬見ケ崎2-12-19,イオン2F
モーリーファンタジー酒田南,山形県酒田市あきほ町１２０－１ イオン１Ｆ,山形県酒田市あきほ町120-1,イオン1F
モーリーファンタジー東根,山形県東根市さくらんぼ駅前３丁目７番１５号イオン２Ｆ,山形県東根市さくらんぼ駅前3-7-15,イオン2F
モーリーファンタジー米沢,山形県米沢市春日２－１３－４イオン２Ｆ,山形県米沢市春日2-13-4,イオン2F
イオン米沢,山形県米沢市春日２－１３－４,山形県米沢市春日2-13-4,
イオン酒田南,山形県酒田市あきほ町１２０－１,山形県酒田市あきほ町120-1,
イオン山形北,山形県山形市馬見ケ崎２－１２－１９,山形県山形市馬見ケ崎2-12-19,
イオン東根,山形県東根市さくらんぼ駅前３－７－１５,山形県東根市さくらんぼ駅前3-7-15,
イオン山形南,山形県山形市若宮３－７－８,山形県山形市若宮3-7-8,
トイザらスいわき,福島県いわき市平谷川瀬字双藤町５３－１,福島県いわき市平谷川瀬字双藤町53-1,
トイザらス福島,福島県福島市森合字清水７ コープマートいずみ２Ｆ,福島県福島市森合字清水7,コープマートいずみ2F
西友郡山,福島県郡山市長者１－１－５６,福島県郡山市長者1-1-56,
イオンスーパーセンター(株)南相馬,福島県南相馬市原町区大木戸字金場７７,福島県南相馬市原町区大木戸字金場77,
ヨークベニマル横塚,福島県郡山市横塚２－１２－３２,福島県郡山市横塚2-12-32,
ヨークベニマルメガステージ須賀川南,福島県須賀川市高久田境９１－１,福島県須賀川市高久田境91-1,
セガ小名浜,福島県いわき市小名浜林城字塚前１８－１,福島県いわき市小名浜林城字塚前18-1,
らくだのせなか鹿島エブリア店,福島県いわき市鹿島町米田字日渡５ 鹿島エブリアショッピングセンター内プレビプレイランドコーナーらくだのせなか,福島県いわき市鹿島町米田字日渡5,鹿島エブリアショッピングセンター内プレビプレイランドコーナーらくだのせなか
アピタ会津若松,福島県会津若松市神指町大字南四合字幕内南１５４,福島県会津若松市神指町大字南四合字幕内南154,
ジャスモールファンタジー,福島県南相馬市原町区大木戸字金場７７南相馬ジャスモールＷ１棟,福島県南相馬市原町区大木戸字金場77,南相馬ジャスモールW1棟
イトーヨーカドー福島,福島県福島市太田町１３－４,福島県福島市太田町13-4,
イトーヨーカドー郡山,福島県郡山市西ノ内２－１１－４０,福島県郡山市西ノ内2-11-40,
モーリーファンタジーいわき,福島県いわき市平字三倉６８－１ イオン３Ｆ,福島県いわき市平字三倉68-1,イオン3F
モーリーファンタジー相馬,福島県相馬市馬場野字雨田５１イオン２Ｆ,福島県相馬市馬場野字雨田51,イオン2F
モーリーファンタジー福島,福島県福島市南矢野目字西荒田５０番地の１７イオン３Ｆ,福島県福島市南矢野目字西荒田50-17,イオン3F
イオン福島,福島県福島市南矢野目字西荒田５０－１７,福島県福島市南矢野目字西荒田50-17,
イオン郡山フェスタ,福島県郡山市日和田町字小原１,福島県郡山市日和田町字小原1,
トイザらス熊本,熊本県熊本市上南部２－２－２ゆめタウンサンピアン１Ｆ,熊本県熊本市上南部2-2-2,ゆめタウンサンピアン1F
イオン大津,熊本県菊池郡大津町大字室１３７,熊本県菊池郡大津町大字室137,
テクモピア浜線店,熊本県熊本市南区田井島１－２－１ゆめタウンはません３Ｆ,熊本県熊本市南区田井島1-2-1,ゆめタウンはません3F
らんらんらんどあらおシティーモール,熊本県荒尾市緑ヶ丘１－１－１あらおシティーモール２Ｆ,熊本県荒尾市緑ヶ丘1-1-1,あらおシティーモール2F
イオンパークプレイス大分,大分県大分市公園通り西２－１,大分県大分市公園通り西2-1,
イオン高城,大分県大分市高城西町２８－１,大分県大分市高城西町28-1,
モーリーファンタジーパークプレイス大分,大分県大分市公園通り西２丁目－１イオン２Ｆ,大分県大分市公園通り西2-1,イオン2F
モーリーファンタジー挾間,大分県由布市挾間町北方７７番地イオン２Ｆ,大分県由布市挾間町北方77,イオン2F
らんらんらんど日田,大分県日田市南元町１４－２２ダイエー日田店２Ｆ,大分県日田市南元町14-22,ダイエー日田店2F
トイザらス宮崎,宮崎県宮崎市中村西３－９４－１,宮崎県宮崎市中村西3-94-1,
イオン都城,宮崎県都城市早鈴町１９９０,宮崎県都城市早鈴町1990,
モーリーファンタジー延岡,宮崎県延岡市旭町２－２－１イオン２Ｆ,宮崎県延岡市旭町2-2-1,イオン2F
モーリーファンタジー都城,宮崎県都城市早鈴町１９５０番地イオン２Ｆ,宮崎県都城市早鈴町1950,イオン2F
モーリーファンタジー日向,宮崎県日向市日知屋字古田町６１－１イオン２Ｆ,宮崎県日向市日知屋字古田町61-1,イオン2F
トイザらスTRU・BRU武蔵村山,東京都西多摩郡瑞穂町大字殿ケ谷７２９－２,東京都西多摩郡瑞穂町大字殿ケ谷729-2,
トイザらスお台場,東京都港区台場１－７－１アクアシティお台場１Ｆ,東京都港区台場1-7-1,アクアシティお台場1F
トイザらスベビーザらス町田多摩境,東京都町田市小山ケ丘１－７－２,東京都町田市小山ケ丘1-7-2,
トイザらス多摩,東京都多摩市東寺方６６０－１,東京都多摩市東寺方660-1,
トイザらス昭島,東京都昭島市田中町 ５７３－１－４モリタウン内,東京都昭島市田中町573-1-4,モリタウン内
ヤマダ電機LABI新宿西口館,東京都新宿区西新宿１－１８－８,東京都新宿区西新宿1-18-8,
ヤマダ電機LABI吉祥寺,東京都武蔵野市吉祥寺本町１－８－２,東京都武蔵野市吉祥寺本町1-8-2,
西友三軒茶屋,東京都世田谷区太子堂４－２４－８,東京都世田谷区太子堂4-24-8,
西友練馬,東京都練馬区練馬１－３－１０,東京都練馬区練馬1-3-10,
西友豊田,東京都日野市多摩平１－９－１,東京都日野市多摩平1-9-1,
西友LIVINザ・モールみずほ16,東京都西多摩郡瑞穂町大字高根６２３,東京都西多摩郡瑞穂町大字高根623,
西友LIVIN田無,東京都西東京市田無町２－１－１,東京都西東京市田無町2-1-1,
西友福生,東京都福生市東町５－１,東京都福生市東町5-1,
西友調布,東京都調布市小島町１－１０－１,東京都調布市小島町1-10-1,
西友阿佐ヶ谷,東京都杉並区阿佐谷北１－５－６,東京都杉並区阿佐谷北1-5-6,
JOYFUL-2瑞穂,東京都西多摩郡瑞穂町殿ヶ谷４４２,東京都西多摩郡瑞穂町殿ヶ谷442,
キデイランド吉祥寺,東京都武蔵野市吉祥寺本町１－１１－５コピス吉祥寺Ａ館６階,東京都武蔵野市吉祥寺本町1-11-5,コピス吉祥寺A館6階
キデイランド原宿,東京都渋谷区神宮前６丁目１番９号,東京都渋谷区神宮前6-1-9,
ダイエー碑文谷,東京都目黒区碑文谷４－１－１,東京都目黒区碑文谷4-1-1,
ダイエー小平,東京都小平市小川東町２－１２－１,東京都小平市小川東町2-12-1,
ダイエー赤羽北本通り,東京都北区神谷３－１２－１,東京都北区神谷3-12-1,
ダイエー武蔵村山,東京都武蔵村山市伊奈平３－３６－１,東京都武蔵村山市伊奈平3-36-1,
ライフ千川,東京都豊島区要町３－４５－４,東京都豊島区要町3-45-4,
ライフ竹の塚,東京都足立区西伊興４－１－２２,東京都足立区西伊興4-1-22,
ライフ平和台,東京都練馬区北町６－１０－１,東京都練馬区北町6-10-1,
セガワールド府中,東京都府中市西原町１－６－２フレスポ府中２Ｆ,東京都府中市西原町1-6-2,フレスポ府中2F
ヨドバシカメラ新宿東口,東京都新宿区新宿３－２６－７,東京都新宿区新宿3-26-7,
ヨドバシカメラ八王子,東京都八王子市東町７－４,東京都八王子市東町7-4,
にこぱデックス東京ビーチ店,東京都港区台場１－６－１デックス東京ビーチアイランドモール４Ｆ,東京都港区台場1-6-1,デックス東京ビーチアイランドモール4F
アドベンチャーリーフ国領店,東京都調布市国領町８－２－６４イトーヨーカドー国領店３階,東京都調布市国領町8-2-64,イトーヨーカドー国領店3階
アトランティス豊洲店,東京都江東区豊洲３－４スーパービバホーム豊洲店２階,東京都江東区豊洲3-4,スーパービバホーム豊洲店2階
ハローズガーデン東大和店,東京都東大和市桜が丘２－１４２－１イトーヨーカ堂東大和店２階,東京都東大和市桜が丘2-142-1,イトーヨーカ堂東大和店2階
アドアーズ錦糸町店,東京都墨田区太平４－１－２オリナスモール地下１階,東京都墨田区太平4-1-2,オリナスモール地下1階
博品館TOYPARK,東京都中央区銀座８－８－１１ / ３階,東京都中央区銀座8-8-113,階
伊勢丹府中,東京都府中市宮町１－４１－２伊勢丹府中店７Ｆ,東京都府中市宮町1-41-2,伊勢丹府中店7F
聖蹟桜ヶ丘京王,東京都多摩市関戸 １－１０－１ 京王百貨店聖蹟桜ヶ丘店７Ｆ,東京都多摩市関戸1-10-1,京王百貨店聖蹟桜ヶ丘店7F
小田急百貨店 新宿店,東京都新宿区西新宿１－１－３/９Ｆ,東京都新宿区西新宿1-1-39F,
タイトーステーション祖師ヶ谷大蔵店,東京都世田谷区砧８－１０番１号,東京都世田谷区砧8-10-1,
ハロータイトー 八王子みなみ野店,東京都八王子市みなみ野１－８－１ / ＢＯＯＫＯＦＦ内タイトー,東京都八王子市みなみ野1-8-1,BOOKOFF内タイトー
タイトーステーション 多摩センター店,東京都多摩市落合１－４５－１,東京都多摩市落合1-45-1,
タイトーステーション 町田店,東京都町田市原町田６－２１－２３,東京都町田市原町田6-21-23,
○×△□(ラくトス),東京都葛飾区新小岩１－４４－６,東京都葛飾区新小岩1-44-6,
ピットイン,東京都江戸川区西葛西６-５-１４,東京都江戸川区西葛西6-5-14,
RONI お台場ヴィーナスフォート店,東京都江東区青海１丁目３番１５号１Ｆ,東京都江東区青海1-3-15,1F
イトーヨーカドー三ノ輪,東京都荒川区南千住１－９－１,東京都荒川区南千住1-9-1,
イトーヨーカドー高砂,東京都葛飾区高砂３－１２－５,東京都葛飾区高砂3-12-5,
イトーヨーカドー東村山,東京都東村山市本町２－２－１９,東京都東村山市本町2-2-19,
イトーヨーカドー小岩,東京都江戸川区西小岩１－２４－１,東京都江戸川区西小岩1-24-1,
イトーヨーカドー多摩センター,東京都多摩市落合１－４４,東京都多摩市落合1-44,
イトーヨーカドー綾瀬,東京都足立区綾瀬３－４－２５,東京都足立区綾瀬3-4-25,
イトーヨーカドー昭島,東京都昭島市田中町５６２－１,東京都昭島市田中町562-1,
イトーヨーカドー四つ木,東京都葛飾区四つ木２－２１－１,東京都葛飾区四つ木2-21-1,
イトーヨーカドー東久留米,東京都東久留米市本町３－８－１,東京都東久留米市本町3-8-1,
イトーヨーカドー大井町,東京都品川区大井１－３－６,東京都品川区大井1-3-6,
イトーヨーカドー南大沢,東京都八王子市南大沢２－２８－１,東京都八王子市南大沢2-28-1,
イトーヨーカドー拝島,東京都昭島市松原町３－２－１２,東京都昭島市松原町3-2-12,
ヨドバシカメラ 新宿西口本店,東京都新宿区西新宿１－１１－１ゲームホビー館５Ｆ,東京都新宿区西新宿1-11-1,ゲームホビー館5F
イトーヨーカドー竹の塚,東京都足立区竹の塚５－１７－１,東京都足立区竹の塚5-17-1,
イトーヨーカドー武蔵境,東京都武蔵野市境南町２－２－２０,東京都武蔵野市境南町2-2-20,
イトーヨーカドー赤羽,東京都北区赤羽西１－７－１,東京都北区赤羽西1-7-1,
イトーヨーカドー八王子,東京都八王子市狭間町１４６２－１,東京都八王子市狭間町1462-1,
イトーヨーカドー木場,東京都江東区木場１－５－３０,東京都江東区木場1-5-30,
イトーヨーカドー東大和,東京都東大和市桜が丘２－１４２－１,東京都東大和市桜が丘2-142-1,
イトーヨーカドー国領,東京都調布市国領町８－２－６４,東京都調布市国領町8-2-64,
イトーヨーカドー大森,東京都大田区大森北二－１３－１,東京都大田区大森北二-13-1,
イトーヨーカドーアリオ西新井,東京都足立区西新井栄町１丁目２０番１号,東京都足立区西新井栄町1-20-1,
イトーヨーカドー武蔵小金井,東京都小金井市本町６－１４－９,東京都小金井市本町6-14-9,
イトーヨーカドー曳舟,東京都墨田区京島１－２－１,東京都墨田区京島1-2-1,
SOYU ZAURUS WORLD大森店,東京都大田区大森北二丁目１３－１イトーヨーカドー大森店３Ｆ,東京都大田区大森北2-13-1,イトーヨーカドー大森店3F
ソユープレイランドソピア南大沢店,東京都八王子市南大沢二丁目２８－１/イトーヨーカドー南大沢店３Ｆ,東京都八王子市南大沢2-28-1,イトーヨーカドー南大沢店3F
ソユープレイランドソピア八王子店,東京都八王子市狭間町１４６２－１イトーヨーカドー八王子店３Ｆ,東京都八王子市狭間町1462-1,イトーヨーカドー八王子店3F
モーリーファンタジー葛西,東京都江戸川区西葛西３－９－１９イオン３Ｆ,東京都江戸川区西葛西3-9-19,イオン3F
モーリーファンタジー昭島,東京都昭島市宮沢町５００番１号/ザ・ビッグ３Ｆ,東京都昭島市宮沢町500-1,ザ・ビッグ3F
モーリーファンタジー東久留米,東京都東久留米市南沢５丁目１７イオン３Ｆ,東京都東久留米市南沢5-17,イオン3F
モーリーファンタジー南砂,東京都江東区南砂６－７－１５イオン３Ｆ,東京都江東区南砂6-7-15,イオン3F
モーリーファンタジー日の出,東京都西多摩郡日の出町大字平井字三吉野桜木５５７番地イオン３Ｆ,東京都西多摩郡日の出町大字平井字三吉野桜木557,イオン3F
モーリーファンタジー板橋,東京都板橋区徳丸２丁目６番地１イオン３Ｆ,東京都板橋区徳丸2-6-1,イオン3F
モーリーファンタジー品川シーサイド,東京都品川区東品川４丁目１２－５イオン２Ｆ,東京都品川区東品川4-12-5,イオン2F
パロ聖蹟桜ヶ丘,東京都多摩市関戸４－７２/聖蹟桜ヶ丘オーパ店６Ｆ,東京都多摩市関戸4-72,聖蹟桜ヶ丘オーパ店6F
らんらんらんど成増,東京都板橋区成増２－２１－２ダイエー成増店４Ｆ,東京都板橋区成増2-21-2,ダイエー成増店4F
らんらんらんど大島,東京都江東区大島４－６－１ダイエー大島店４Ｆ,東京都江東区大島4-6-1,ダイエー大島店4F
らんらんらんど碑文谷,東京都目黒区碑文谷４－１－１ダイエー碑文谷店７Ｆ,東京都目黒区碑文谷4-1-1,ダイエー碑文谷店7F
プリズムストーン原宿,東京都渋谷区神宮前3-18-27 パルク表参道1F,東京都渋谷区神宮前3-18-27,パルク表参道1F
プライス滝山,東京都東久留米市滝山４－１３－１０,東京都東久留米市滝山4-13-10,
ビックカメラ立川店,東京都立川市曙町２－１２－２,東京都立川市曙町2-12-2,
ビックカメラ有楽町店本館,東京都千代田区有楽町１－１１－１/３Ｆ,東京都千代田区有楽町1-11-13F,
イオン東雲,東京都江東区東雲１－９－１０,東京都江東区東雲1-9-10,
イオン西新井,東京都足立区梅島３－３２－７,東京都足立区梅島3-32-7,
イオン日の出,東京都西多摩郡日の出町平井字三吉野桜木２３７－３,東京都西多摩郡日の出町平井字三吉野桜木237-3,
イオン板橋,東京都板橋区徳丸２－６－１,東京都板橋区徳丸2-6-1,
イオンむさし村山,東京都武蔵村山市榎１－１－３,東京都武蔵村山市榎1-1-3,
イオン品川シーサイド,東京都品川区東品川４－１２－５,東京都品川区東品川4-12-5,
フジグラン北島,徳島県板野郡北島町鯛浜字西ノ須１７４番地,徳島県板野郡北島町鯛浜字西ノ須174,
フジグラン阿南,徳島県阿南市領家町土倉１０,徳島県阿南市領家町土倉10,
おもちゃのイルカ,徳島県板野郡藍住町奥野字東中須８８－１ゆめタウン徳島２Ｆ,徳島県板野郡藍住町奥野字東中須88-1,ゆめタウン徳島2F
ペリカン三豊,香川県三豊市豊中町本山甲２２番地ゆめタウン２Ｆ,香川県三豊市豊中町本山甲22,ゆめタウン2F
ハロータイトー 丸亀,香川県丸亀市川西町南１２８０番地１フジグラン丸亀バッハ棟２Ｆ,香川県丸亀市川西町南1280-1,フジグラン丸亀バッハ棟2F
モーリーファンタジー綾川,香川県綾歌郡綾川町萱原８２２－１イオン３Ｆ,香川県綾歌郡綾川町萱原822-1,イオン3F
モーリーファンタジー高松,香川県高松市香西本町１－１イオン３Ｆ,香川県高松市香西本町1-1,イオン3F
モーリーファンタジー高松東,香川県高松市福岡町３－８－５イオン３Ｆ,香川県高松市福岡町3-8-5,イオン3F
イオン高松,香川県高松市香西本町１－１,香川県高松市香西本町1-1,
イオン高松東,香川県高松市福岡町３－８－５,香川県高松市福岡町3-8-5,
イオン綾川,香川県綾歌郡綾川町萱原８２２－１,香川県綾歌郡綾川町萱原822-1,
トイザらス松山,愛媛県松山市朝生田町４－４－３２,愛媛県松山市朝生田町4-4-32,
エミフルMASAKI,愛媛県伊予郡松前町筒井８５０番,愛媛県伊予郡松前町筒井850,
フジグラン松山,愛媛県松山市宮西１－２－１,愛媛県松山市宮西1-2-1,
フジグラン川之江,愛媛県四国中央市妻鳥町１１３６－１,愛媛県四国中央市妻鳥町1136-1,
フジグラン大洲,愛媛県大洲市中村２４６－１,愛媛県大洲市中村246-1,
モーリーファンタジー今治,愛媛県今治市馬越町４－８－１イオン３Ｆ,愛媛県今治市馬越町4-8-1,イオン3F
モーリーファンタジー松山,愛媛県松山市天山１丁目１３番５号イオン３Ｆ,愛媛県松山市天山1-13-5,イオン3F
らんらんらんど南松山,愛媛県松山市朝生田町５丁目１番２５号ジョー・プラ２Ｆ,愛媛県松山市朝生田町5-1-25,ジョー・プラ2F
イオン松山,愛媛県松山市天山１－１３－５,愛媛県松山市天山1-13-5,
イオン今治,愛媛県今治市馬越町４－８－１,愛媛県今治市馬越町4-8-1,
ピアゴ七尾,石川県七尾市御祓町１番地,石川県七尾市御祓町1,
アピタ松任,石川県白山市幸明町２８０番地,石川県白山市幸明町280,
アピタ金沢,石川県金沢市中村町１０番２０号,石川県金沢市中村町10-20,
モーリーファンタジー・f御経塚,石川県野々市市御経塚２丁目９１番地イオン１Ｆ,石川県野々市市御経塚2-91,イオン1F
モーリーファンタジー松任,石川県白山市平松町１０２－１ イオン２Ｆ,石川県白山市平松町102-1,イオン2F
モーリーファンタジー杜の里,石川県金沢市もりの里１丁目７０番地イオン２Ｆ,石川県金沢市もりの里1-70,イオン2F
イオン金沢,石川県金沢市福久２－５８,石川県金沢市福久2-58,
イオンかほく,石川県かほく市内日角タ２５,石川県かほく市内日角タ25,
アピタ敦賀,福井県敦賀市中央町１丁目５番５号,福井県敦賀市中央町1-5-5,
らんらんらんど福井店,福井県福井市松城町１２－７,福井県福井市松城町12-7,
トイザらス松本,長野県松本市村井町南４－２１－２７,長野県松本市村井町南4-21-27,
西友 川中島店,西友・川中島店,西友・川中島店,
アピタ飯田,長野県飯田市鼎名古熊２４６１番地,長野県飯田市鼎名古熊2461,
アピタ高森,長野県下伊那郡高森町山吹４５１５番地,長野県下伊那郡高森町山吹4515,
ファンタジープラザ長野,長野県長野市高田１７５８番地ＭＥＧＡドン・キホーテ長野店内,長野県長野市高田1758,MEGAドン・キホーテ長野店内
イトーヨーカドー南松本,長野県松本市高宮中１－２０,長野県松本市高宮中1-20,
アピナ長野村山店,長野県長野市村山５０２－１,長野県長野市村山502-1,
モーリーファンタジー上田,長野県上田市常田２－１２－１８イオン２Ｆ,長野県上田市常田2-12-18,イオン2F
モーリーファンタジー中野,長野県中野市大字一本木２５２－１イオン２Ｆ,長野県中野市大字一本木252-1,イオン2F
モーリーファンタジー南松本,長野県松本市双葉５－２０イオン２Ｆ,長野県松本市双葉5-20,イオン2F
モーリーファンタジー飯田,長野県飯田市上郷飯沼１５７５イオン２Ｆ,長野県飯田市上郷飯沼1575,イオン2F
モーリーファンタジー飯田アップルロード,長野県飯田市鼎一色４５６イオン２Ｆ,長野県飯田市鼎一色456,イオン2F
モーリーファンタジー豊科,長野県安曇野市豊科４２７２－１０ イオン２Ｆ,長野県安曇野市豊科4272-10,イオン2F
イオン佐久平,長野県佐久市佐久平駅南１１－１０,長野県佐久市佐久平駅南11-10,
イオン上田,長野県上田市常田２－１２－１８,長野県上田市常田2-12-18,
イオン中野,長野県中野市大字一本木２５２－１,長野県中野市大字一本木252-1,
イオン豊科,長野県安曇野市豊科４２７２－１０,長野県安曇野市豊科4272-10,
トイザらス柏,千葉県柏市松ケ崎１１８１－１,千葉県柏市松ケ崎1181-1,
トイザらス成田,千葉県成田市飯仲９－４,千葉県成田市飯仲9-4,
トイザらス千葉長沼,千葉県千葉市稲毛区長沼町３３０－５０,千葉県千葉市稲毛区長沼町330-50,
トイザらス新鎌ヶ谷,千葉県鎌ケ谷市新鎌ケ谷２－１２－１アクロスモール新鎌ヶ谷２Ｆ,千葉県鎌ケ谷市新鎌ケ谷2-12-1,アクロスモール新鎌ヶ谷2F
西友常盤平,千葉県松戸市常盤平３－１１－１,千葉県松戸市常盤平3-11-1,
ダイエー新松戸,千葉県松戸市新松戸３－２－２,千葉県松戸市新松戸3-2-2,
ダイエー新浦安,千葉県浦安市入船１－４－１,千葉県浦安市入船1-4-1,
ダイエー南行徳,千葉県市川市南行徳２－２０－２５,千葉県市川市南行徳2-20-25,
サンファンタジー千城台,千葉県千葉市若葉区千城台北３－２１－１ラパーク千城台３Ｆ,千葉県千葉市若葉区千城台北3-21-1,ラパーク千城台3F
SEGAARENASOGA,千葉県千葉市中央区川崎町５１－１ ハーバーシティ蘇我フェスティバルウォークアミューズメント棟１Ｆ,千葉県千葉市中央区川崎町51-1,ハーバーシティ蘇我フェスティバルウォークアミューズメント棟1F
ニコパマリンピア店,千葉県千葉市美浜区高洲３－１３－１マリンピア４階,千葉県千葉市美浜区高洲3-13-1,マリンピア4階
ハローズガーデン市原店,千葉県市原市青柳北１－１アピタ市原店２階,千葉県市原市青柳北1-1,アピタ市原店2階
テクモピア公津の杜店,千葉県成田市公津の杜４－５－３成田ユアエルム３Ｆ,千葉県成田市公津の杜4-5-3,成田ユアエルム3F
THE 3RD PLANETフレスポ稲毛店,千葉県千葉市稲毛区長沼原町７３１－１７,千葉県千葉市稲毛区長沼原町731-17,
アピタ木更津,千葉県木更津市ほたるの４－２－４８,千葉県木更津市ほたるの4-2-48,
プラサカプコン富津,千葉県富津市青木一丁目５番地１イオンモール富津２Ｆ,千葉県富津市青木1-5-1,イオンモール富津2F
プラサカプコン成田,千葉県成田市ウイング土屋２４イオンモール成田２Ｆ,千葉県成田市ウイング土屋24,イオンモール成田2F
ビバ・サーカス茂原店,千葉県茂原市高師１７３５茂原ショッピングプラザアスモ２Ｆ,千葉県茂原市高師1735,茂原ショッピングプラザアスモ2F
タイトーステーション 茂原アスモ店,千葉県茂原市高師１７３５茂原ショッピングプラザアスモ２Ｆ,千葉県茂原市高師1735,茂原ショッピングプラザアスモ2F
タイトーステーション 旭サンモール店,千葉県旭市イ－２６７６－１サンモール３Ｆ,千葉県旭市イ-2676-1,サンモール3F
タイトーFステーション イオン市川妙典店,千葉県市川市妙典４丁目１番１号イオン市川妙典店２番街２階,千葉県市川市妙典4-1-1,イオン市川妙典店2ー街2階
イトーヨーカドー姉崎,千葉県市原市姉崎６４５－１,千葉県市原市姉崎645-1,
イトーヨーカドー松戸,千葉県松戸市松戸１１４９,千葉県松戸市松戸1149,
イトーヨーカドー船橋,千葉県船橋市本町７－６－１,千葉県船橋市本町7-6-1,
イトーヨーカドー八柱,千葉県松戸市日暮１－１５－８,千葉県松戸市日暮1-15-8,
イトーヨーカドー我孫子南口,千葉県我孫子市本町３－２－２８,千葉県我孫子市本町3-2-28,
イトーヨーカドー流山,千葉県流山市流山９－８００－２,千葉県流山市流山9-800-2,
イトーヨーカドー我孫子,千葉県我孫子市我孫子４－１１－１,千葉県我孫子市我孫子4-11-1,
イトーヨーカドー東習志野,千葉県習志野市東習志野７－３－１,千葉県習志野市東習志野7-3-1,
イトーヨーカドー幕張,千葉県千葉市花見川区幕張町４－４１７－２５,千葉県千葉市花見川区幕張町4-417-25,
イトーヨーカドー成田,千葉県成田市公津の杜４－５－３,千葉県成田市公津の杜4-5-3,
イトーヨーカドー新浦安,千葉県浦安市明海４－１－１,千葉県浦安市明海4-1-1,
イトーヨーカドー八千代,千葉県八千代市村上４００１－４,千葉県八千代市村上4001-4,
イトーヨーカドーアリオ蘇我,千葉県千葉市中央区川崎町５２－７,千葉県千葉市中央区川崎町52-7,
ソユープレイランドソピア幕張店,千葉県千葉市花見川区幕張町四丁目４１７－２５イトーヨーカドー幕張店２Ｆ,千葉県千葉市花見川区幕張町4-417-25,イトーヨーカドー幕張店2F
EGGS PORT船橋店,千葉県船橋市浜町二丁目１番１号ららぽーとＴＯＫＹＯ－ＢＡＹ北館１階,千葉県船橋市浜町2-1-1,ららぽーとTOKYOーBAY北館1階
モーリーファンタジーイオン成田,千葉県成田市ウイング土屋２４番地イオン２Ｆ,千葉県成田市ウイング土屋24,イオン2F
モーリーファンタジーおゆみ野,千葉県千葉市緑区おゆみ野南５丁目３７－１イオンタウン２Ｆ,千葉県千葉市緑区おゆみ野南5-37-1,イオンタウン2F
モーリーファンタジーノア,千葉県野田市中根３６－１イオン１Ｆ,千葉県野田市中根36-1,イオン1F
モーリーファンタジー鎌ヶ谷,千葉県鎌ヶ谷市新鎌ヶ谷２丁目７番１号イオン２Ｆ,千葉県鎌ヶ谷市新鎌ヶ谷2-7-1,イオン2F
モーリーファンタジー館山,千葉県館山市八幡５４５－１イオン１Ｆ,千葉県館山市八幡545-1,イオン1F
モーリーファンタジー市川妙典,千葉県市川市妙典５－３－１イオン３Ｆ,千葉県市川市妙典5-3-1,イオン3F
モーリーファンタジー千葉ニュ－タウン,千葉県印西市中央北３丁目１番１イオン３Ｆ,千葉県印西市中央北3-1-1,イオン3F
モーリーファンタジー船橋,千葉県船橋市山手１丁目１番地８号イオン３Ｆ,千葉県船橋市山手1-1-8,イオン3F
モーリーファンタジー銚子,千葉県銚子市三崎町２丁目２６６０－１イオン２Ｆ,千葉県銚子市三崎町2-2660-1,イオン2F
モーリーファンタジー津田沼,千葉県習志野市津田沼１丁目２３番１号イオン３Ｆ,千葉県習志野市津田沼1-23-1,イオン3F
モーリーファンタジー東習志野,千葉県習志野市東習志野６丁目７－８イオンタウン１Ｆ,千葉県習志野市東習志野6-7-8,イオンタウン1F
モーリーファンタジー柏,千葉県柏市豊町２丁目５番２５号イオン２Ｆ,千葉県柏市豊町2-5-25,イオン2F
モーリーファンタジー八街,千葉県八街市文違３０１ イオン１Ｆ,千葉県八街市文違301,イオン1F
モーリーファンタジー八千代緑が丘,千葉県八千代市緑が丘２丁目１－３イオン４Ｆ,千葉県八千代市緑が丘2-1-3,イオン4F
モーリーファンタジー幕張新都心,千葉県千葉市美浜区豊砂１－５イオンモール（ファミリーモール）２Ｆ,千葉県千葉市美浜区豊砂1-5,イオンモール(ファミリーモール)2F
パロ市川,千葉県市川市鬼高１－１－１ニッケコルトンプラザ２Ｆ,千葉県市川市鬼高1-1-1,ニッケコルトンプラザ2F
らんらんらんどあすみが丘,千葉県千葉市緑区あすみが丘７丁目１あすみが丘ブランニューモール２Ｆ,千葉県千葉市緑区あすみが丘7-1,あすみが丘ブランニューモール2F
らんらんらんど酒々井,千葉県印旛郡酒々井町本佐倉４５７－２トライアル酒々井店２Ｆ,千葉県印旛郡酒々井町本佐倉457-2,トライアル酒々井店2F
らんらんらんど南行徳,千葉県市川市南行徳２－２０－２５ダイエー南行徳店２Ｆ,千葉県市川市南行徳2-20-25,ダイエー南行徳店2F
イオンユーカリが丘,千葉県佐倉市ユ－カリが丘４－１－１,千葉県佐倉市ユ-カリが丘4-1-1,
イオンマリンピア,千葉県千葉市美浜区高洲３－１３－１,千葉県千葉市美浜区高洲3-13-1,
イオン幕張,千葉県千葉市美浜区ひび野１－３,千葉県千葉市美浜区ひび野1-3,
イオン稲毛,千葉県千葉市稲毛区小仲台１－４－２０,千葉県千葉市稲毛区小仲台1-4-20,
イオン銚子,千葉県銚子市三崎町２－２６６０－１,千葉県銚子市三崎町2-2660-1,
イオン柏,千葉県柏市豊町２－５－２５,千葉県柏市豊町2-5-25,
イオン成田,千葉県成田市ウイング土屋２４,千葉県成田市ウイング土屋24,
イオン千葉ニュータウン,千葉県印西市中央北３－１－１,千葉県印西市中央北3-1-1,
イオン館山,千葉県館山市八幡５４５－１,千葉県館山市八幡545-1,
イオン八千代緑ヶ丘,千葉県八千代市緑が丘２－１－３,千葉県八千代市緑が丘2-1-3,
イオン鎌取,千葉県千葉市緑区おゆみ野３－１６－１,千葉県千葉市緑区おゆみ野3-16-1,
イオン船橋,千葉県船橋市山手１－１－８,千葉県船橋市山手1-1-8,
イオンキッズ津田沼,千葉県習志野市津田沼１－２３－１,千葉県習志野市津田沼1-23-1,
SOYU GameField 木更津店,千葉県木更津市築地1-4 イオンモール木更津２Ｆ,千葉県木更津市築地1-4,イオンモール木更津2F
イオン鎌ケ谷,千葉県鎌ケ谷市新鎌ケ谷２－７－１,千葉県鎌ケ谷市新鎌ケ谷2-7-1,
イオン市川妙典,千葉県市川市妙典５－３－１,千葉県市川市妙典5-3-1,
フジグラン野市,高知県香南市野市町西野２００７－１,高知県香南市野市町西野2007-1,
フジグラン葛島,高知県高知市小倉町３番３０号,高知県高知市小倉町3-30,
モーリーファンタジー高知,高知県高知市秦南町１丁目４－８イオン２Ｆ,高知県高知市秦南町1-4-8,イオン2F
トイザらス鳥取,鳥取県鳥取市南隈５４１トリニティーモールＢゾーン２Ｆ,鳥取県鳥取市南隈541,トリニティーモールBゾーン2F
キデイランド倉吉,鳥取県倉吉市山根５５７－１パープルタウン２Ｆ,鳥取県倉吉市山根557-1,パープルタウン2F
モーリーファンタジーホープタウン,鳥取県米子市米原２－１－１ホープタウン３Ｆ,鳥取県米子市米原2-1-1,ホープタウン3F
モーリーファンタジー鳥取,鳥取県鳥取市天神町１イオン２Ｆ,鳥取県鳥取市天神町1,イオン2F
モーリーファンタジー鳥取北,鳥取県鳥取市晩稲３４８番地イオン２Ｆ,鳥取県鳥取市晩稲348,イオン2F
モーリーファンタジー日吉津,鳥取県西伯郡日吉津村日吉津１１６０－１イオン２Ｆ,鳥取県西伯郡日吉津村日吉津1160-1,イオン2F
イオン鳥取北,鳥取県鳥取市晩稲３４８番地,鳥取県鳥取市晩稲348,
イオン日吉津,鳥取県西伯郡日吉津村日吉津１１６０－１,鳥取県西伯郡日吉津村日吉津1160-1,
セガ松江,島根県松江市嫁島町１２－１５,島根県松江市嫁島町12-15,
youme CIRCUS(出雲),島根県出雲市大塚町６５０－１ゆめタウン出雲東館３Ｆ,島根県出雲市大塚町650-1,ゆめタウン出雲東館3F
ペリカン益田,島根県益田市高津７－２１－１２ ゆめタウン益田内２Ｆ,島根県益田市高津7-21-12,ゆめタウン益田内2F
モーリーファンタジー・f松江,島根県松江市東朝日町１５１ イオンＳＣ３Ｆ,島根県松江市東朝日町151,イオンSC3F
モーリーファンタジー出雲,島根県出雲市渡橋町１０６６イオン２Ｆ,島根県出雲市渡橋町1066,イオン2F
イオン松江,島根県松江市東朝日町１５１,島根県松江市東朝日町151,
イオン出雲,島根県出雲市渡橋町１０６６,島根県出雲市渡橋町1066,
トイザらス岩槻,埼玉県さいたま市岩槻区城町２－６－２８,埼玉県さいたま市岩槻区城町2-6-28,
トイザらス川越,埼玉県川越市大字福田１０１７－１,埼玉県川越市大字福田1017-1,
トイザらス熊谷,埼玉県熊谷市代１０６７,埼玉県熊谷市代1067,
トイザらス越谷,埼玉県越谷市大字上間久里３０８－１,埼玉県越谷市大字上間久里308-1,
トイザらス新座,埼玉県新座市野火止５－２－６０ラ・ヴィニュ２Ｆ,埼玉県新座市野火止5-2-60,ラ・ヴィニュ2F
トイザらス桶川,埼玉県桶川市西２－９－３６,埼玉県桶川市西2-9-36,
エディオンららぽーと新三郷,埼玉県三郷市新三郷ららシティ３丁目１－１ららぽーと新三郷２Ｆ,埼玉県三郷市新三郷ららシティ3-1-1,ららぽーと新三郷2F
マルエツ朝霞,埼玉県朝霞市本町１－１２－１０,埼玉県朝霞市本町1-12-10,
新宝島浦和美園,埼玉県さいたま市緑区大門３７１０イオンモール浦和美園２Ｆ,埼玉県さいたま市緑区大門3710,イオンモール浦和美園2F
ダイエー所沢,埼玉県所沢市東町５－２２,埼玉県所沢市東町5-22,
ダイエー南浦和東口,埼玉県さいたま市南区南浦和３－２－１,埼玉県さいたま市南区南浦和3-2-1,
ライフ吉川駅前,埼玉県吉川市保１－１３－３,埼玉県吉川市保1-13-3,
セガ川口,埼玉県川口市東領家２－２－１０,埼玉県川口市東領家2-2-10,
AGスクエア埼玉花園,埼玉県深谷市荒川３５９,埼玉県深谷市荒川359,
にこぱエムズタウン幸手店,埼玉県幸手市上高野７６４エムズタウン幸手,埼玉県幸手市上高野764,エムズタウン幸手
ニコパ草加舎人店,埼玉県草加市遊馬町２－１島忠ホームズ草加舎人店１Ｆ,埼玉県草加市遊馬町2-1,島忠ホームズ草加舎人店1F
ハローズガーデンせんげん台店,埼玉県越谷市千間台東２－７０７ セブンタウンせんげん台店２階,埼玉県越谷市千間台東2-707,セブンタウンせんげん台店2階
ハローズガーデン本庄店,埼玉県本庄市南１－２－１０アピタ本庄店１階,埼玉県本庄市南1-2-10,アピタ本庄店1階
ハローズパシオス秩父店,埼玉県秩父市永田町１０－２７,埼玉県秩父市永田町10-27,
こころっこ北本店,埼玉県北本市深井６－８７ ＨｅｙＷｏｒｌｄ店内プレビプレイランドコーナーこころっこ,埼玉県北本市深井6-87,HeyWorld店内プレビプレイランドコーナーこころっこ
あひるのたまご岩槻店,埼玉県さいたま市岩槻区本丸３－２０－５３ マミーマート岩槻店内プレビプレイランドコーナーあひるのたまご,埼玉県さいたま市岩槻区本丸3-20-53,マミーマート岩槻店内プレビプレイランドコーナーあひるのたまご
龍宮ガーデンアリオ上尾,埼玉県上尾市大字壱丁目３６７ アリオ上尾店内２階,埼玉県上尾市大字壱丁目367,アリオ上尾店内2階
ユーズランド越谷店,埼玉県越谷市東町４－２１－１ イオンレイクタウンＫＡＺＥ３ＦＡ３４２,埼玉県越谷市東町4-21-1,イオンレイクタウンKAZE3FA342
THE 3RD PLANET フレスポ八潮店,埼玉県八潮市大瀬８２２番地１フレスポ八潮３Ｆ,埼玉県八潮市大瀬822-1,フレスポ八潮3F
おぢいさんの店,埼玉県桶川市南１－６－５,埼玉県桶川市南1-6-5,
Forkids'菖蒲,埼玉県久喜市菖蒲町菖蒲６００５番地１ モラージュ菖蒲内,埼玉県久喜市菖蒲町菖蒲6005-1,モラージュ菖蒲内
Forkids'川口,埼玉県川口市栄町３－５－１ そごう川口店７Ｆ,埼玉県川口市栄町3-5-1,そごう川口店7F
アピタ本庄,埼玉県本庄市南１－２－１０,埼玉県本庄市南1-2-10,
アピタ吹上,埼玉県鴻巣市袋９０－１,埼玉県鴻巣市袋90-1,
プラサカプコン羽生,埼玉県羽生市川崎２－２８１－３イオンモール羽生２Ｆ,埼玉県羽生市川崎2-281-3,イオンモール羽生2F
(有)アポロ,埼玉県八潮市中央３－２１－４,埼玉県八潮市中央3-21-4,
キャッツアイ狭山店,埼玉県狭山市入間川３１４１,埼玉県狭山市入間川3141,
イトーヨーカドー浦和,埼玉県さいたま市浦和区仲町１－７－１,埼玉県さいたま市浦和区仲町1-7-1,
イトーヨーカドー久喜,埼玉県久喜市中央４－９－１１,埼玉県久喜市中央4-9-11,
イトーヨーカドー大宮,埼玉県さいたま市大宮区吉敷町４－２６３－６,埼玉県さいたま市大宮区吉敷町4-263-6,
イトーヨーカドー和光,埼玉県和光市丸山台１－９－３,埼玉県和光市丸山台1-9-3,
イトーヨーカドー春日部,埼玉県春日部市中央１－１３－１,埼玉県春日部市中央1-13-1,
イトーヨーカドーアリオ上尾,埼玉県上尾市大字壱丁目３６７,埼玉県上尾市大字壱丁目367,
イトーヨーカドー草加,埼玉県草加市高砂２－７－１,埼玉県草加市高砂2-7-1,
イトーヨーカドー上福岡東,埼玉県ふじみ野市大原２－１－３０,埼玉県ふじみ野市大原2-1-30,
イトーヨーカドー大宮宮原,埼玉県さいたま市北区宮原町１－８５４－１,埼玉県さいたま市北区宮原町1-854-1,
イトーヨーカドーアリオ川口,埼玉県川口市並木元町１－７９,埼玉県川口市並木元町1-79,
イトーヨーカドーアリオ深谷,埼玉県深谷市上柴町西４－２－１４,埼玉県深谷市上柴町西4-2-14,
プレイランド菖蒲店,埼玉県久喜市菖蒲町菖蒲６００５番地１モラージュ菖蒲３Ｆ,埼玉県久喜市菖蒲町菖蒲6005-1,モラージュ菖蒲3F
ソユーゴールドフィッシュ川口店,埼玉県川口市並木元町１番７９号アリオ川口３Ｆ,埼玉県川口市並木元町1-79,アリオ川口3F
Soyu Pirates Kids錦町店,埼玉県蕨市錦町一丁目１２番１号イトーヨーカドー錦町店２Ｆ,埼玉県蕨市錦町1-12-1,イトーヨーカドー錦町店2F
FESTA上尾,埼玉県上尾市愛宕３丁目１－４０ バリュープラザ上尾愛宕店内,埼玉県上尾市愛宕3-1-40,バリュープラザ上尾愛宕店内
ゲオ東越谷店,埼玉県越谷市東越谷４－８－１７,埼玉県越谷市東越谷4-8-17,
アピナ上尾店,埼玉県上尾市緑丘３－３－１１－２ ＰＡＰＡ上尾ショッピングアベニュープリンセス棟別棟,埼玉県上尾市緑丘3-3-11-2,PAPA上尾ショッピングアベニュープリンセス棟別棟
モーリーファンタジーイオンレイクタウン,埼玉県越谷市東町２丁目８イオン３Ｆ,埼玉県越谷市東町2-8,イオン3F
モーリーファンタジーせんげん台,埼玉県越谷市千間台西３－２－１２イオン３Ｆ,埼玉県越谷市千間台西3-2-12,イオン3F
モーリーファンタジー羽生,埼玉県羽生市川崎２丁目２８１番地３イオン３Ｆ,埼玉県羽生市川崎2-281-3,イオン3F
モーリーファンタジー浦和美園,埼玉県さいたま市緑区大門３７１０イオン３Ｆ,埼玉県さいたま市緑区大門3710,イオン3F
モーリーファンタジー狭山,埼玉県狭山市上奥富１１２６－１イオン２Ｆ,埼玉県狭山市上奥富1126-1,イオン2F
モーリーファンタジー熊谷,埼玉県熊谷市本石２－１３５イオン３Ｆ,埼玉県熊谷市本石2-135,イオン3F
モーリーファンタジー川口前川,埼玉県川口市前川１丁目１番１１号イオン３Ｆ,埼玉県川口市前川1-1-11,イオン3F
モーリーファンタジー大井,埼玉県ふじみ野市ふじみ野１－２－１イオン３Ｆ,埼玉県ふじみ野市ふじみ野1-2-1,イオン3F
モーリーファンタジー大宮,埼玉県さいたま市北区櫛引町２－５７４－１イオン３Ｆ,埼玉県さいたま市北区櫛引町2-574-1,イオン3F
モーリーファンタジー大宮西,埼玉県さいたま市西区三橋６－６０７－１３イオン４Ｆ,埼玉県さいたま市西区三橋6-607-13,イオン4F
モーリーファンタジー入間,埼玉県入間市上藤沢４６２－１イオン２Ｆ,埼玉県入間市上藤沢462-1,イオン2F
モーリーファンタジー北戸田,埼玉県戸田市美女木東１－３－１イオン２Ｆ,埼玉県戸田市美女木東1-3-1,イオン2F
モーリーファンタジー蕨,埼玉県蕨市塚越５－６－３５イオンタウン１Ｆ,埼玉県蕨市塚越5-6-35,イオンタウン1F
パロ埼玉大井,埼玉県ふじみ野市西鶴ケ岡１丁目３番１５号 ビバモール埼玉大井ショッピングセンター２Ｆ,埼玉県ふじみ野市西鶴ケ岡1-3-15,ビバモール埼玉大井ショッピングセンター2F
らん2 らんど東大宮,埼玉県さいたま市見沼区春野２丁目８番地パトリア東大宮店３Ｆ,埼玉県さいたま市見沼区春野2-8,パトリア東大宮店3F
らんらんらんど川口,埼玉県川口市本町２－７－２５ミエルかわぐち３Ｆ,埼玉県川口市本町2-7-25,ミエルかわぐち3F
イオン北浦和,埼玉県さいたま市浦和区常盤１０－２０－２９,埼玉県さいたま市浦和区常盤10-20-29,
イオン北戸田,埼玉県戸田市美女木東１－３－１,埼玉県戸田市美女木東1-3-1,
イオン浦和美園,埼玉県さいたま市緑区大門３７１０,埼玉県さいたま市緑区大門3710,
イオン入間,埼玉県入間市上藤沢４６２－１,埼玉県入間市上藤沢462-1,
イオン羽生,埼玉県羽生市川崎２－２８１－３,埼玉県羽生市川崎2-281-3,
イオン大井,埼玉県ふじみ野市ふじみ野１－２－１,埼玉県ふじみ野市ふじみ野1-2-1,
富士急百貨店,山梨県富士吉田市上吉田２－５－１,山梨県富士吉田市上吉田2-5-1,
アピタ田富,山梨県中央市山之神１３８３－９,山梨県中央市山之神1383-9,
アピタ石和,山梨県笛吹市石和町窪中島１５４番地,山梨県笛吹市石和町窪中島154,
イトーヨーカドー甲府昭和,山梨県中巨摩郡昭和町西条１３－１,山梨県中巨摩郡昭和町西条13-1,
モーリーファンタジー石和,山梨県笛吹市石和町駅前１６－１イオン３Ｆ,山梨県笛吹市石和町駅前16-1,イオン3F
イオン石和,山梨県笛吹市石和町駅前１６－１,山梨県笛吹市石和町駅前16-1,
アピタ双葉,山梨県甲斐市志田６４５−１ ,山梨県甲斐市志田645-1,
トイザらス長岡,新潟県長岡市川崎町１４３６－５,新潟県長岡市川崎町1436-5,
アピタ長岡,新潟県長岡市千秋二丁目２７８番地,新潟県長岡市千秋2-278,
アピタ新潟西,新潟県新潟市小新４７４,新潟県新潟市小新474,
アピタ新潟亀田,新潟県新潟市江南区鵜ノ子４－４６６,新潟県新潟市江南区鵜ノ子4-466,
カプコサーカス新潟東,新潟県新潟市東区大形本町３－１－２ イオン新潟東店内ゲームコーナー,新潟県新潟市東区大形本町3-1-2,イオン新潟東店内ゲームコーナー
イトーヨーカドー直江津,新潟県上越市西本町３－８－８,新潟県上越市西本町3-8-8,
イトーヨーカドー丸大柏崎,新潟県柏崎市駅前２－３－７,新潟県柏崎市駅前2-3-7,
イトーヨーカドー長岡,新潟県長岡市城内町２－３－１２,新潟県長岡市城内町2-3-12,
アピナ長岡店,新潟県長岡市堺東町２２,新潟県長岡市堺東町22,
モーリーファンタジー・f新潟南,新潟県新潟市江南区下早通柳田１丁目１番１号イオンモール２Ｆ,新潟県新潟市江南区下早通柳田1-1-1,イオンモール2F
モーリーファンタジー県央,新潟県燕市井土巻３－６５イオン２Ｆ,新潟県燕市井土巻3-65,イオン2F
モーリーファンタジー新潟青山,新潟県新潟市西区青山２－５－１イオン２Ｆ,新潟県新潟市西区青山2-5-1,イオン2F
モーリーファンタジー新潟東,新潟県新潟市東区大形本町３－１－２イオン３Ｆ,新潟県新潟市東区大形本町3-1-2,イオン3F
モーリーファンタジー新潟南,新潟県新潟市江南区下早通柳田１丁目１番１号イオンモール３Ｆ,新潟県新潟市江南区下早通柳田1-1-1,イオンモール3F
モーリーファンタジー六日町,新潟県南魚沼市余川３１００イオン２Ｆ,新潟県南魚沼市余川3100,イオン2F
イオン三条,新潟県三条市西裏館２－１２－２０,新潟県三条市西裏館2-12-20,
イオン新潟南,新潟県新潟市江南区下早通柳田１－１－１,新潟県新潟市江南区下早通柳田1-1-1,
イオン県央,新潟県燕市井土巻３－６５,新潟県燕市井土巻3-65,
イオン新発田,新潟県新発田市住吉町５丁目１１番５号,新潟県新発田市住吉町5-11-5,
アル・プラザ富山,富山県富山市婦中町下轡田１６５－１,富山県富山市婦中町下轡田165-1,
トイザらス富山,富山県富山市五福１１４３－１五福ショッピングセンターアリス２Ｆ,富山県富山市五福1143-1,五福ショッピングセンターアリス2F
おもちゃのバンビ高岡駅南店,富山県高岡市赤祖父３８７,富山県高岡市赤祖父387,
アピタ富山東,富山県富山市上冨居３－８－３８,富山県富山市上冨居3-8-38,
アピタ富山,富山県富山市上袋１００番６８,富山県富山市上袋100-68,
アピタ砺波,富山県砺波市太郎丸３丁目６９番地,富山県砺波市太郎丸3-69,
アピタ魚津,富山県魚津市住吉６００番地,富山県魚津市住吉600,
モーリーファンタジー高岡,富山県高岡市江尻３３１－１イオン１Ｆ,富山県高岡市江尻331-1,イオン1F
モーリーファンタジー高岡南,富山県高岡市下伏間江３８３イオン２Ｆ,富山県高岡市下伏間江383,イオン2F
モーリーファンタジー小杉,富山県射水市三ヶ２６０２アル・プラザ小杉２Ｆ,富山県射水市三ヶ2602,アル・プラザ小杉2F
イオン高岡南,富山県高岡市下伏間江３８３,富山県高岡市下伏間江383,
おもちゃのバンビ本郷店,富山県富山市本郷新１６−８ ,富山県富山市本郷新16-8,
トイザらス苫小牧,北海道苫小牧市柳町４－５－３５　ホクレンショップ内,北海道苫小牧市柳町4-5-35,ホクレンショップ内
トイザらストイザらス・ベビーザらス函館,北海道函館市石川町５２－１５　ＣＥＮＴＲＥ　ＭＡＲＵＹＡＭＡ内,北海道函館市石川町52-15,CENTRE MARUYAMA内
トイザらス帯広音更,北海道河東郡音更町木野大通西１７－１　スーパーオーケーセンター音更店内,北海道河東郡音更町木野大通西17-1,スーパーオーケーセンター音更店内
西友厚別,北海道札幌市厚別区厚別西４条６丁目　,北海道札幌市厚別区厚別西4,条6ー
ダイエー滝川,北海道滝川市東町２－２５－３　,北海道滝川市東町2-25-3,
イオン札幌平岡,北海道札幌市清田区平岡三条５－３－１　,北海道札幌市清田区平岡三条5-3-1,
イオン札幌発寒,北海道札幌市西区発寒８条１２丁目１－１　,北海道札幌市西区発寒8,条12ー1ー1
イオン苫小牧,北海道苫小牧市柳町３－１－２０　,北海道苫小牧市柳町3-1-20,
イオン根室,北海道根室市常盤町３丁目９番地　,北海道根室市常盤町3-9,
イオン室蘭,北海道室蘭市東町２丁目４番３２号　,北海道室蘭市東町2-4-32,
イオン登別,北海道登別市若山町４丁目３３－１　,北海道登別市若山町4-33-1,
イオン静内,北海道日高郡新ひだか町静内末広町２丁目２－１　,北海道日高郡新ひだか町静内末広町2-2-1,
イオン伊達,北海道伊達市末永町８－１　,北海道伊達市末永町8-1,
イオン永山,北海道旭川市永山３条１２丁目２－１１　,北海道旭川市永山3,条12ー2ー11
イオン釧路,北海道釧路郡釧路町桂木１丁目１番地７　,北海道釧路郡釧路町桂木1-1-7,
イオン江別,北海道江別市幸町３５番地　,北海道江別市幸町35,
イオン札幌藻岩,北海道札幌市南区川沿２条２丁目１－１　,北海道札幌市南区川沿2,条2ー1ー1
イオン帯広,北海道帯広市西４条南２０丁目１　,北海道帯広市西4,条南20ー1
イオン千歳,北海道千歳市栄町６丁目５１　,北海道千歳市栄町6-51,
イオン小樽,北海道小樽市築港１１番６号　,北海道小樽市築港11-6,
イオン北見,北海道北見市北進町１丁目１－１　,北海道北見市北進町1-1-1,
イオン岩見沢,北海道岩見沢市大和４条８丁目１　,北海道岩見沢市大和4,条8ー1
キャッツアイ新川店,北海道札幌市北区新川２条７丁目１－７,北海道札幌市北区新川2,条7ー1ー7
キャッツアイ篠路店,北海道札幌市北区篠路１条４丁目６－３０,北海道札幌市北区篠路1,条4ー6ー30
西條百貨店稚内店,北海道稚内市大黒４丁目７－１,北海道稚内市大黒4-7-1,
イオン札幌苗穂,北海道札幌市東区東苗穂二条３-１-１　,北海道札幌市東区東苗穂二条3-1-1,
イトーヨーカドー函館,北海道函館市美原１－３－１,北海道函館市美原1-3-1,
イトーヨーカドー北見,北海道北見市光西町１８５,北海道北見市光西町185,
イトーヨーカドー琴似,北海道札幌市西区琴似２条１－４－１,北海道札幌市西区琴似2,条1ー4ー1
イトーヨーカドー福住,北海道札幌市豊平区福住２条１－２－５,北海道札幌市豊平区福住2,条1ー2ー5
イトーヨーカドー帯広,北海道帯広市稲田町南八線西１０－１,北海道帯広市稲田町南八線西10-1,
イトーヨーカドー屯田,北海道札幌市北区屯田８条３丁目５－１,北海道札幌市北区屯田8,条3ー5ー1
イトーヨーカドーアリオ札幌,北海道札幌市東区北７条東９－２－２０,北海道札幌市東区北7,条東9ー2ー20
SOYU Game Field発寒店,北海道札幌市西区発寒８条１２丁目１番１号　イオンモール札幌発寒３Ｆ　,北海道札幌市西区発寒8,条12ー1ー1ー イオンモール札幌発寒3F
ゲオ北見南大通店,北海道北見市とん田西町２４８番地２,北海道北見市とん田西町248-2,
モーリーファンタジー旭川西,北海道旭川市緑町２３－２１６１－３イオン２Ｆ,北海道旭川市緑町23-2161-3,イオン2F
モーリーファンタジー釧路,北海道釧路郡釧路町桂木１－１－７　　イオン２Ｆ,北海道釧路郡釧路町桂木1-1-7,イオン2F
モーリーファンタジー釧路昭和,北海道釧路市昭和中央　４－１８－１イオン２Ｆ,北海道釧路市昭和中央4-18-1,イオン2F
モーリーファンタジー札幌元町,北海道札幌市東区北３１条東１５丁目１－１イオン３Ｆ,北海道札幌市東区北31,条東15ー1ー1イオン3F
モーリーファンタジー札幌発寒,北海道札幌市西区発寒８条１２丁目１－１　イオン３Ｆ,北海道札幌市西区発寒8,条12ー1ー1 イオン3F
モーリーファンタジー札幌苗穂,北海道札幌市東区東苗穂２条３丁目１番１号イオン２Ｆ,北海道札幌市東区東苗穂2,条3ー1ー1ーイオン2F
モーリーファンタジー三笠,北海道三笠市岡山１０５９－１　ＳｕＣ１Ｆ,北海道三笠市岡山1059-1,SuC1F
モーリーファンタジー登別,北海道登別市若山町４－３３－１　　イオン２Ｆ,北海道登別市若山町4-33-1,イオン2F
モーリーファンタジー苫小牧,北海道苫小牧市柳町３－１－２０イオン２Ｆ,北海道苫小牧市柳町3-1-20,イオン2F
パロ滝川,北海道滝川市東町２丁目２９－１ ダイエー滝川店１Ｆ　　　,北海道滝川市東町2-29-1,ダイエー滝川店1F
パロ苫小牧,北海道苫小牧市糸井１３５－１　トライアルＧ棟トライアル苫小牧店,北海道苫小牧市糸井135-1,トライアルG棟トライアル苫小牧店
パロ網走,北海道網走市駒場北５丁目８３番地 駒場ショッピングタウン,北海道網走市駒場北5-83,駒場ショッピングタウン
らんらんらんど旭川,北海道旭川市豊岡３条２－２－１９　　　　　　　旭友ストア　　ア・モール店２Ｆ　　　,北海道旭川市豊岡3,条2ー2ー19       旭友ストア  ア・モール店2F
らんらんらんど上磯,北海道北斗市七重浜４－４４－１　　　　　ダイエー上磯店１Ｆ　　　,北海道北斗市七重浜4-44-1,ダイエー上磯店1F
らんらんらんど新さっぽろ,北海道札幌市厚別区厚別中央２条５－７ カテプリ新さっぽろ店３Ｆ　　　,北海道札幌市厚別区厚別中央2,条5ー7 カテプリ新さっぽろ店3F
らんらんらんど湯ノ川,北海道函館市湯川町３－１４－５　　　　　　　ダイエー湯川店１・２Ｆ,北海道函館市湯川町3-14-5,ダイエー湯川店1・2F
プリズムストーン札幌東急,北海道札幌市中央区北四条西2-1 さっぽろ東急百貨店 8F,北海道札幌市中央区北四条西2-1,さっぽろ東急百貨店 8F
げーむぱーくぎゃらくしー,東札幌３条１丁目１−１,東札幌3,条1ー1ー1
イオン隼人国分,鹿児島県霧島市隼人町見次１２２９,鹿児島県霧島市隼人町見次1229,
THE 3RD PLANET ジャングルパーク鹿児島店,鹿児島県鹿児島市与次郎１丁目１１番１号フレスポジャングルパーク２Ｆ,鹿児島県鹿児島市与次郎1-11-1,フレスポジャングルパーク2F
モーリーファンタジー姶良,鹿児島県姶良市東餅田３３６ イオン３Ｆ,鹿児島県姶良市東餅田336,イオン3F
モーリーファンタジー鹿児島,鹿児島県鹿児島市東開町７イオンモール３Ｆ,鹿児島県鹿児島市東開町7,イオンモール3F
モーリーファンタジー隼人国分,鹿児島県霧島市隼人町見次１２２９イオン２Ｆ,鹿児島県霧島市隼人町見次1229,イオン2F
トイザらス那覇新都心,沖縄県那覇市おもろまち３－３あっぷるタウン１Ｆ,沖縄県那覇市おもろまち3-3,あっぷるタウン1F
イオン那覇,沖縄県那覇市金城５－１０－２,沖縄県那覇市金城5-10-2,
イオン南風原,沖縄県島尻郡南風原町字宮平２６４,沖縄県島尻郡南風原町字宮平264,
イオン北谷,沖縄県北谷町字美浜８－３,沖縄県北谷町字美浜8-3,
イオン名護,沖縄県名護市字名護見取川原４４７２,沖縄県名護市字名護見取川原4472,
(株)サンエー豊見城ウイングシティ,沖縄県豊見城市高安２６１－２２Ｆ,沖縄県豊見城市高安261-22F,
(株)サンエーしおざきシティ店,沖縄県糸満市潮崎町２－２,沖縄県糸満市潮崎町2-2,
ゲオ西原店,沖縄県浦添市当山２丁目２番３号,沖縄県浦添市当山2-2-3,
モーリーファンタジー具志川,沖縄県うるま市前原幸崎原３０３番地イオン２Ｆ,沖縄県うるま市前原幸崎原303,イオン2F
モーリーファンタジー那覇,沖縄県那覇市金城５－１０－２イオン３Ｆ,沖縄県那覇市金城5-10-2,イオン3F
モーリーファンタジー南風原,沖縄県島尻郡南風原町字宮平２６４イオン２Ｆ,沖縄県島尻郡南風原町字宮平264,イオン2F
モーリーファンタジー北谷,沖縄県中頭郡北谷町字美浜８－３イオン２Ｆ,沖縄県中頭郡北谷町字美浜8-3,イオン2F
モーリーファンタジー名護,沖縄県名護市字名護見取川原４４７２イオン１Ｆ,沖縄県名護市字名護見取川原4472,イオン1F
アル・プラザあまがさき,兵庫県尼崎市潮江１－３－１,兵庫県尼崎市潮江1-3-1,
トイザらス加古川,兵庫県加古川市尾上町今福７１,兵庫県加古川市尾上町今福71,
トイザらス神戸ジェームス山,兵庫県神戸市垂水区青山台７－６－２,兵庫県神戸市垂水区青山台7-6-2,
トイザらス明石,兵庫県明石市東仲ノ町６－１アスピア明石南館３Ｆ,兵庫県明石市東仲ノ町6-1,アスピア明石南館3F
エディオン垂水,兵庫県神戸市垂水区舞多聞東２丁目１－４５,兵庫県神戸市垂水区舞多聞東2-1-45,
イズミヤ小林,兵庫県宝塚市小林５丁目５番４７号,兵庫県宝塚市小林5-5-47,
ヤマダ電機LABI三宮,兵庫県神戸市中央区三宮町１丁目５－８,兵庫県神戸市中央区三宮町1-5-8,
ダイエー塚口,兵庫県尼崎市南塚口町２－１－３,兵庫県尼崎市南塚口町2-1-3,
ダイエー藤原台,兵庫県神戸市北区藤原台中町１－２－２,兵庫県神戸市北区藤原台中町1-2-2,
ダイエー三宮駅前,兵庫県神戸市中央区雲井通６－１－１５,兵庫県神戸市中央区雲井通6-1-15,
ダイエー甲子園,兵庫県西宮市甲子園高潮町３－３,兵庫県西宮市甲子園高潮町3-3,
ダイエー宝塚中山,兵庫県宝塚市売布東の町２１－２２,兵庫県宝塚市売布東の町21-22,
セガつかしん,兵庫県尼崎市塚口本町４－８－１つかしん内,兵庫県尼崎市塚口本町4-8-1,つかしん内
セガワールドながさわ,兵庫県明石市魚住町清水２４６４－１ドラブインながさわ,兵庫県明石市魚住町清水2464-1,ドラブインながさわ
セガららぽーと甲子園,兵庫県西宮市甲子園八番町１－１００ららぽーと甲子園２Ｆ,兵庫県西宮市甲子園八-町1-100,ららぽーと甲子園2F
セガワールドココエあまがさき,兵庫県尼崎市潮江１－３－１ココエあまがさき内４Ｆ,兵庫県尼崎市潮江1-3-1,ココエあまがさき内4F
カリヨンパークイオン伊丹昆陽店,兵庫県伊丹市池尻４丁目１－１ イオン伊丹昆陽ＳＣ内４Ｆ,兵庫県伊丹市池尻4-1-1,イオン伊丹昆陽SC内4F
ニシダヤ中央,兵庫県尼崎市神田中通３－４１,兵庫県尼崎市神田中通3-41,
そごう神戸,兵庫県神戸市中央区小野柄通８－１－８そごう神戸店８Ｆ,兵庫県神戸市中央区小野柄通8-1-8,そごう神戸店8F
タイトーFステーション HAT神戸店,兵庫県神戸市中央区脇浜海岸通２－２－２ブルメールＨＡＴ神戸２Ｆ,兵庫県神戸市中央区脇浜海岸通2-2-2,ブルメールHAT神戸2F
イトーヨーカドー加古川,兵庫県加古川市別府町緑町２,兵庫県加古川市別府町緑町2,
イトーヨーカドー広畑,兵庫県姫路市広畑区夢前町１－１,兵庫県姫路市広畑区夢前町1-1,
イトーヨーカドー明石,兵庫県明石市二見町西二見１４５４,兵庫県明石市二見町西二見1454,
イトーヨーカドー甲子園,兵庫県西宮市甲子園八番町１－１００,兵庫県西宮市甲子園八-町1-100,
モーリーファンタジージェームス山,兵庫県神戸市垂水区青山台７－７－１イオン１Ｆ,兵庫県神戸市垂水区青山台7-7-1,イオン1F
モーリーファンタジー伊丹,兵庫県伊丹市藤ノ木１－１－１イオン３Ｆ,兵庫県伊丹市藤ノ木1-1-1,イオン3F
モーリーファンタジー加西北条,兵庫県加西市北条町北条３０８－１イオン２Ｆ,兵庫県加西市北条町北条308-1,イオン2F
モーリーファンタジー高砂,兵庫県高砂市緑丘２丁目１－４０イオン２Ｆ,兵庫県高砂市緑丘2-1-40,イオン2F
モーリーファンタジー社,兵庫県加東市社１１２６－１イオン２Ｆ,兵庫県加東市社1126-1,イオン2F
モーリーファンタジー洲本,兵庫県洲本市塩屋１－１－８ イオン２Ｆ,兵庫県洲本市塩屋1-1-8,イオン2F
モーリーファンタジー神戸北,兵庫県神戸市北区上津台８－１－１イオン３Ｆ,兵庫県神戸市北区上津台8-1-1,イオン3F
モーリーファンタジー猪名川,兵庫県川辺郡猪名川町白金２－１イオン３Ｆ,兵庫県川辺郡猪名川町白金2-1,イオン3F
モーリーファンタジー尼崎,兵庫県尼崎市次屋３－１３－１８イオン２Ｆ,兵庫県尼崎市次屋3-13-18,イオン2F
モーリーファンタジー姫路RC,兵庫県姫路市飾磨区細江２５６０番地イオン１Ｆ,兵庫県姫路市飾磨区細江2560,イオン1F
モーリーファンタジー姫路大津,兵庫県姫路市大津区大津町２丁目５番イオンモール２Ｆ,兵庫県姫路市大津区大津町2-5,イオンモール2F
モーリーファンタジー和田山,兵庫県朝来市和田山町枚田岡７７４イオン２Ｆ,兵庫県朝来市和田山町枚田岡774,イオン2F
らんらんらんど甲南,兵庫県神戸市東灘区本山南町８－７－１８ダイエー甲南店２Ｆ,兵庫県神戸市東灘区本山南町8-7-18,ダイエー甲南店2F
らんらんらんど西宮,兵庫県西宮市林田町２－２４ダイエー西宮店２Ｆ,兵庫県西宮市林田町2-24,ダイエー西宮店2F
らんらんらんど名谷,兵庫県神戸市須磨区中落合２－２－２ダイエー名谷店３Ｆ,兵庫県神戸市須磨区中落合2-2-2,ダイエー名谷店3F
セルバ甲南山手店,兵庫県神戸市東灘区森南町１－５－１ / ３Ｆゲームセンター,兵庫県神戸市東灘区森南町1-5-13F,ゲームセンター
イオン三田ウッディタウン,兵庫県三田市けやき台１－６－２,兵庫県三田市けやき台1-6-2,
イオン姫路,兵庫県姫路市増位本町２－１２－１０,兵庫県姫路市増位本町2-12-10,
イオン加西北条,兵庫県加西市北条町北条３０８－１,兵庫県加西市北条町北条308-1,
イオン姫路大津,兵庫県姫路市大津町２－５,兵庫県姫路市大津町2-5,
マリンカーニバル,兵庫県神戸市北区日の峰２－６－１コアキタマチ３Ｆ,兵庫県神戸市北区日の峰2-6-1,コアキタマチ3F
ポップンパーク,兵庫県三木市志染町青山３－９イオン三木青山２Ｆ,兵庫県三木市志染町青山3-9,イオン三木青山2F
トイザらス奈良,奈良県奈良市柏木町４５６－１,奈良県奈良市柏木町456-1,
ライフ大淀,奈良県吉野郡大淀町土田２４３－１,奈良県吉野郡大淀町土田243-1,
イズミヤ広陵,奈良県北葛城郡広陵町大字安部４５０－１,奈良県北葛城郡広陵町大字安部450-1,
ザ・ビックエクストラ大安寺,奈良県奈良市南京終町１丁目１２８－１,奈良県奈良市南京終町1-128-1,
アピタ西大和,奈良県北葛城郡上牧町上牧３０００－１,奈良県北葛城郡上牧町上牧3000-1,
ジョーシン郡山イオンモール,奈良県大和郡山市下三橋町７４１－１７０イオンモール大和郡山１Ｆ,奈良県大和郡山市下三橋町741-170,イオンモール大和郡山1F
イトーヨーカドー奈良,奈良県奈良市二条大路南１－３－１,奈良県奈良市二条大路南1-3-1,
モーリーファンタジー橿原,奈良県橿原市曲川町７－２０－１イオン２Ｆ,奈良県橿原市曲川町7-20-1,イオン2F
モーリーファンタジー桜井,奈良県桜井市上之庄２７８－１イオン２Ｆ,奈良県桜井市上之庄278-1,イオン2F
モーリーファンタジー大和郡山,奈良県大和郡山市下三橋７４１イオン３Ｆ,奈良県大和郡山市下三橋741,イオン3F
モーリーファンタジー天理,奈良県天理市東井戸堂町３８１ ザ・ビッグエクストラ１Ｆ,奈良県天理市東井戸堂町381,ザ・ビッグエクストラ1F
モーリーファンタジー登美ヶ丘,奈良県生駒市鹿畑町３０２７番地イオンモール奈良登美ヶ丘２Ｆ,奈良県生駒市鹿畑町3027,イオンモール奈良登美ヶ丘2F
イオン五條,奈良県五條市今井２－１５０,奈良県五條市今井2-150,
イオン大和郡山,奈良県大和郡山市下三橋町７４１,奈良県大和郡山市下三橋町741,
イズミヤ紀伊川辺,和歌山県和歌山市川辺２２０番,和歌山県和歌山市川辺220,
仔熊近鉄和歌山,和歌山県和歌山市友田町５－１８ 近鉄百貨店和歌山店４Ｆトイランド,和歌山県和歌山市友田町5-18,近鉄百貨店和歌山店4Fトイランド
モーリーファンタジー新宮,和歌山県新宮市橋本２丁目１４番２３号イオン２Ｆ,和歌山県新宮市橋本2-14-23,イオン2F
エディオン倉敷本店,岡山県倉敷市笹沖１２０９－１,岡山県倉敷市笹沖1209-1,
岡山ジョイポリス,岡山県岡山市北区下石井２－１０－１,岡山県岡山市北区下石井2-10-1,
アミパラ岡山店,岡山県岡山市北区青江１丁目１３－８,岡山県岡山市北区青江1-13-8,
レインボーランド津高店,岡山県岡山市北区横井上８３番３号イズミヤ津高店４階,岡山県岡山市北区横井上83-3,イズミヤ津高店4階
イトーヨーカドー岡山,岡山県岡山市下石井２－１０－２,岡山県岡山市下石井2-10-2,
モーリーファンタジー岡山,岡山県岡山市北区青江２－７－１イオン２Ｆ,岡山県岡山市北区青江2-7-1,イオン2F
モーリーファンタジー岡南,岡山県岡山市南区築港新町１－１８－５天満屋ハピータウン３Ｆ,岡山県岡山市南区築港新町1-18-5,天満屋ハピータウン3F
モーリーファンタジー玉野,岡山県玉野市宇野１－３８－１天満屋ハピータウン３Ｆ,岡山県玉野市宇野1-38-1,天満屋ハピータウン3F
モーリーファンタジー原尾島,岡山県岡山市中区原尾島１－６－２０天満屋ハピータウン３Ｆ,岡山県岡山市中区原尾島1-6-20,天満屋ハピータウン3F
モーリーファンタジー児島,岡山県倉敷市児島駅前２－３５天満屋ハピータウン３Ｆ,岡山県倉敷市児島駅前2-35,天満屋ハピータウン3F
ビックカメラ岡山駅前,岡山県岡山市北区駅前町１－１－１トイズコーナー,岡山県岡山市北区駅前町1-1-1,トイズコーナー
イオンキッズ倉敷,岡山県倉敷市水江１,岡山県倉敷市水江1,
トイザらス広島八木,広島県広島市安佐南区八木１－２８－９,広島県広島市安佐南区八木1-28-9,
トイザらスベビーザらス広島府中,広島県安芸郡府中町大須２－１－１イオンモール広島府中３Ｆ,広島県安芸郡府中町大須2-1-1,イオンモール広島府中3F
フジグラン緑井,広島県広島市安佐南区緑井１－５－２,広島県広島市安佐南区緑井1-5-2,
フジグラン安芸,広島県安芸郡坂町北新地２丁目３－３０,広島県安芸郡坂町北新地2-3-30,
フジグラン高陽,広島県広島市安佐北区亀崎一丁目１番６号,広島県広島市安佐北区亀崎1-1-6,
ヤマダ電機LABI広島,広島県広島市中区胡町５－２２,広島県広島市中区胡町5-22,
ヤマダ電機テックランド佐伯,広島県広島市佐伯区楽々園四丁目１４－３２,広島県広島市佐伯区楽々園4-14-32,
アミパラ広島店,広島県広島市西区西観音町３－１７,広島県広島市西区西観音町3-17,
タイトーステーション 広島本通店,広島県広島市中区本通３－５,広島県広島市中区本通3-5,
福山コロナワールド,広島県福山市一文字町２４－１,広島県福山市一文字町24-1,
モーリーファンタジーアルパーク広島,広島県広島市西区井口明神１丁目１６番１号アルパーク天満屋４Ｆ,広島県広島市西区井口明神1-16-1,アルパーク天満屋4F
モーリーファンタジー宇品,広島県広島市南区宇品東６－１－１５イオン２Ｆ,広島県広島市南区宇品東6-1-15,イオン2F
モーリーファンタジー広島祇園,広島県広島市安佐南区祇園３丁目２－１イオン３Ｆ,広島県広島市安佐南区祇園3-2-1,イオン3F
モーリーファンタジー広島府中,広島県安芸郡府中町大須２－１－１イオン２Ｆ,広島県安芸郡府中町大須2-1-1,イオン2F
モーリーファンタジー三原,広島県三原市城町２－１３－１ イオン２Ｆ,広島県三原市城町2-13-1,イオン2F
モーリーファンタジー尾道,広島県尾道市天満町１７－２３イオン２Ｆ,広島県尾道市天満町17-23,イオン2F
イオン宇品,広島県広島市南区宇品東６－１－１５,広島県広島市南区宇品東6-1-15,
イオン広島祇園,広島県広島市安佐南区祇園３－２－１,広島県広島市安佐南区祇園3-2-1,
トイザらス山口,山口県山口市大内長野５８１ザ・ビッグ大内２Ｆ,山口県山口市大内長野581,ザ・ビッグ大内2F
フジグラン宇部,山口県宇部市明神町３－１－１,山口県宇部市明神町3-1-1,
西友ザ・モール周南,山口県下松市中央町２１－３,山口県下松市中央町21-3,
てくもぴあ山口店,山口県山口市大内御堀１３０２－１ゆめタウン山口２階,山口県山口市大内御堀1302-1,ゆめタウン山口2階
てくもぴあ宇部店,山口県宇部市大字妻崎開作４１１ゆめタウン宇部２Ｆ,山口県宇部市大字妻崎開作411,ゆめタウン宇部2F
モーリーファンタジー防府,山口県防府市中央町１－３イオン３Ｆ,山口県防府市中央町1-3,イオン3F
イオン防府,山口県防府市中央町１－３,山口県防府市中央町1-3,
平和堂高富,岐阜県山県市高木１４７３,岐阜県山県市高木1473,
NICOPA羽島ウイング店,岐阜県羽島市小熊町島１丁目４６番地,岐阜県羽島市小熊町島1-46,
ピアゴ多治見,岐阜県多治見市住吉町三丁目１９番地の１,岐阜県多治見市住吉町3-19-1,
ピアゴ瑞浪,岐阜県瑞浪市薬師町二丁目７２番地,岐阜県瑞浪市薬師町2-72,
ピアゴ恵那,岐阜県恵那市長島町正家二丁目２番地１７,岐阜県恵那市長島町正家2-2-17,
アピタ北方,岐阜県本巣郡北方町平成２丁目３番地,岐阜県本巣郡北方町平成2-3,
アピタ美濃加茂,岐阜県美濃加茂市野笹町２丁目５番６５号,岐阜県美濃加茂市野笹町2-5-65,
アピタ中津川,岐阜県中津川市淀川町３番８号,岐阜県中津川市淀川町3-8,
アピタ大垣,岐阜県大垣市林町六丁目８０番２１号,岐阜県大垣市林町6-80-21,
アピタ御嵩,"日本, 岐阜県可児郡御嵩町上恵土１０５２－１","日本, 岐阜県可児郡御嵩町上恵土1052-1",
アピタ飛騨高山,岐阜県高山市国府町金桶４１番地,岐阜県高山市国府町金桶41,
レイク・リビン可児店,岐阜県可児市下恵土５７５０,岐阜県可児市下恵土5750,
モーリーファンタジー各務原,岐阜県各務原市那加萱場町３－８イオンモール３Ｆ,岐阜県各務原市那加萱場町3-8,イオンモール3F
モーリーファンタジー岐阜,岐阜県岐阜市正木中１－２－１マーサ２１北館３Ｆイオン岐阜３Ｆ,岐阜県岐阜市正木中1-2-1,マーサ21北館3Fイオン岐阜3F
モーリーファンタジー大垣,岐阜県大垣市外野２丁目１００番イオン２Ｆ,岐阜県大垣市外野2-100,イオン2F
イオン関,岐阜県関市倉知５１６,岐阜県関市倉知516,
イオン各務原,岐阜県各務原市那加萱場町３－８,岐阜県各務原市那加萱場町3-8,
イオン大垣,岐阜県大垣市外野２－１００,岐阜県大垣市外野2-100,
セガワールドサントムーン,静岡県駿東郡清水町玉川６１－２サントムーン柿田川２Ｆ,静岡県駿東郡清水町玉川61-2,サントムーン柿田川2F
セガワールド富士,静岡県富士市厚原９５番１,静岡県富士市厚原95-1,
THE 3RD PLANET 浜松プラザ店,静岡県浜松市東区上西町１０２０番地１,静岡県浜松市東区上西町1020-1,
ピアゴ富士宮,静岡県富士宮市東阿幸地５４１番地,静岡県富士宮市東阿幸地541,
アピタ藤枝,静岡県藤枝市田沼１丁目１８番１号,静岡県藤枝市田沼1-18-1,
アピタ島田,静岡県島田市宝来町８番２号,静岡県島田市宝来町8-2,
アピタ静岡,静岡県静岡市駿河区石田１丁目５番１号,静岡県静岡市駿河区石田1-5-1,
アピタ初生,静岡県浜松市初生町６２６番地の１,静岡県浜松市初生町626-1,
アピタ掛川,静岡県掛川市大池２８２６番地,静岡県掛川市大池2826,
アピタ伊東,静岡県伊東市玖須美元和田７２０番地の１４３,静岡県伊東市玖須美元和田720-143,
アピタ富士吉原,静岡県富士市久保二丁目１番－１０号,静岡県富士市久保2-1-10,
マックスバリュ富士八幡町店,静岡県富士市八幡町６－３,静岡県富士市八幡町6-3,
タイトーFステーション プレ葉ウォーク浜北,静岡県浜松市浜北区貴布祢１２００番地,静岡県浜松市浜北区貴布祢1200,
タイトーFステーション イオン富士宮店,静岡県富士宮市浅間町１番８号,静岡県富士宮市浅間町1-8,
仔熊遠鉄,静岡県浜松市中区砂山町３２０－２遠鉄百貨店本館５Ｆ,静岡県浜松市中区砂山町320-2,遠鉄百貨店本館5F
イトーヨーカドー沼津,静岡県沼津市高島本町１－５,静岡県沼津市高島本町1-5,
イトーヨーカドー静岡,静岡県静岡市駿河区曲金３－１－５,静岡県静岡市駿河区曲金3-1-5,
イトーヨーカドー三島,静岡県三島市中田町９－３０,静岡県三島市中田町9-30,
モーリーファンタジー焼津,静岡県焼津市祢宜島５５５イオン２Ｆ,静岡県焼津市祢宜島555,イオン2F
モーリーファンタジー清水,静岡県静岡市清水区上原１－６－１６イオン２Ｆ,静岡県静岡市清水区上原1-6-16,イオン2F
モーリーファンタジー袋井,静岡県袋井市上山梨４丁目１番地の１イオン２Ｆ,静岡県袋井市上山梨4-1-1,イオン2F
モーリーファンタジー浜松西,静岡県浜松市西区入野町６２４４－１イオン３Ｆ,静岡県浜松市西区入野町6244-1,イオン3F
モーリーファンタジー富士宮,静岡県富士宮市浅間町１－８イオンモール２Ｆ,静岡県富士宮市浅間町1-8,イオンモール2F
らんらんらんど御殿場,静岡県御殿場市萩原６３６番地サンサンプラザ３Ｆ,静岡県御殿場市萩原636,サンサンプラザ3F
らんらんらんど裾野,静岡県裾野市佐野１０３９ マックスバリューベルシティー裾野店,静岡県裾野市佐野1039,マックスバリューベルシティー裾野店
らんらんらんど清水高橋,静岡県静岡市清水区高橋５－１－１ピアゴ清水高橋店Ｂ１Ｆ,静岡県静岡市清水区高橋5-1-1,ピアゴ清水高橋店B1F
イオン清水,静岡県静岡市清水区上原１－６－１６,静岡県静岡市清水区上原1-6-16,
イオン浜松志戸呂,静岡県浜松市西区志都呂町５６０５,静岡県浜松市西区志都呂町5605,
イオン焼津,静岡県焼津市祢宜島５５５,静岡県焼津市祢宜島555,
イオン富士宮,静岡県富士宮市浅間町１－８,静岡県富士宮市浅間町1-8,
